Kani Rust Verifier 0.67.0 (cargo plugin)
   Compiling oxvba-host v0.1.0 (/home/ubuntu/.dnacalc_remote/work/OxVba_v287_pinned/crates/oxvba-host)
warning: Found the following unsupported constructs:
             - caller_location (1)
             - foreign function (2)
         
         Verification will fail if one or more of these constructs is reachable.
         See https://model-checking.github.io/kani/rust-feature-support.html for more details.

    Finished `dev` profile [unoptimized + debuginfo] target(s) in 7.70s
Checking harness project::kani_proofs::pmr_active_resolution_prefers_local_symbol_before_reference_symbol...
CBMC 6.8.0 (cbmc-6.8.0)
CBMC version 6.8.0 (cbmc-6.8.0) 64-bit x86_64 linux
Reading GOTO program from file /home/ubuntu/.dnacalc_remote/work/OxVba_v287_pinned/target/kani/x86_64-unknown-linux-gnu/debug/deps/oxvba_host-96ba144662e9e6dd__RNvNtNtCsa9NNHOYH0GV_10oxvba_host7project11kani_proofs66pmr_active_resolution_prefers_local_symbol_before_reference_symbol.out
Generating GOTO Program
Adding CPROVER library (x86_64)
Removal of function pointers and virtual functions
Generic Property Instrumentation
Running with 16 object bits, 48 offset bits (user-specified)
Starting Bounded Model Checking
Unwinding loop _RINvYNtNtNtCsci0VKyKEi6N_4core3str4iter5CharsNtNtNtNtB9_4iter6traits8iterator8Iterator8try_folduNCINvNvBH_3all5checkcNCNvNtCsa9NNHOYH0GV_10oxvba_host7project23is_valid_vba_identifier0E0INtNtNtB9_3ops12control_flow11ControlFlowuEEB1X_.0 iteration 1 file /home/runner/.rustup/toolchains/nightly-2025-11-21-x86_64-unknown-linux-gnu/lib/rustlib/src/rust/library/core/src/iter/traits/iterator.rs line 2426 column 9 function <std::str::Chars<'_> as std::iter::Iterator>::try_fold::<(), {closure@std::iter::Iterator::all::check<char, {closure@crates/oxvba-host/src/project.rs:819:15: 819:19}>::{closure#0}}, std::ops::ControlFlow<()>> thread 0
Unwinding loop _RINvYNtNtNtCsci0VKyKEi6N_4core3str4iter5CharsNtNtNtNtB9_4iter6traits8iterator8Iterator8try_folduNCINvNvBH_3all5checkcNCNvNtCsa9NNHOYH0GV_10oxvba_host7project23is_valid_vba_identifier0E0INtNtNtB9_3ops12control_flow11ControlFlowuEEB1X_.0 iteration 2 file /home/runner/.rustup/toolchains/nightly-2025-11-21-x86_64-unknown-linux-gnu/lib/rustlib/src/rust/library/core/src/iter/traits/iterator.rs line 2426 column 9 function <std::str::Chars<'_> as std::iter::Iterator>::try_fold::<(), {closure@std::iter::Iterator::all::check<char, {closure@crates/oxvba-host/src/project.rs:819:15: 819:19}>::{closure#0}}, std::ops::ControlFlow<()>> thread 0
Unwinding loop _RINvYNtNtNtCsci0VKyKEi6N_4core3str4iter5CharsNtNtNtNtB9_4iter6traits8iterator8Iterator8try_folduNCINvNvBH_3all5checkcNCNvNtCsa9NNHOYH0GV_10oxvba_host7project23is_valid_vba_identifier0E0INtNtNtB9_3ops12control_flow11ControlFlowuEEB1X_.0 iteration 3 file /home/runner/.rustup/toolchains/nightly-2025-11-21-x86_64-unknown-linux-gnu/lib/rustlib/src/rust/library/core/src/iter/traits/iterator.rs line 2426 column 9 function <std::str::Chars<'_> as std::iter::Iterator>::try_fold::<(), {closure@std::iter::Iterator::all::check<char, {closure@crates/oxvba-host/src/project.rs:819:15: 819:19}>::{closure#0}}, std::ops::ControlFlow<()>> thread 0
Unwinding loop _RINvYNtNtNtCsci0VKyKEi6N_4core3str4iter5CharsNtNtNtNtB9_4iter6traits8iterator8Iterator8try_folduNCINvNvBH_3all5checkcNCNvNtCsa9NNHOYH0GV_10oxvba_host7project23is_valid_vba_identifier0E0INtNtNtB9_3ops12control_flow11ControlFlowuEEB1X_.0 iteration 4 file /home/runner/.rustup/toolchains/nightly-2025-11-21-x86_64-unknown-linux-gnu/lib/rustlib/src/rust/library/core/src/iter/traits/iterator.rs line 2426 column 9 function <std::str::Chars<'_> as std::iter::Iterator>::try_fold::<(), {closure@std::iter::Iterator::all::check<char, {closure@crates/oxvba-host/src/project.rs:819:15: 819:19}>::{closure#0}}, std::ops::ControlFlow<()>> thread 0
Unwinding loop _RNvMNtNtCsci0VKyKEi6N_4core5slice5asciiSh20make_ascii_lowercaseCsa9NNHOYH0GV_10oxvba_host.0 iteration 1 file /home/runner/.rustup/toolchains/nightly-2025-11-21-x86_64-unknown-linux-gnu/lib/rustlib/src/rust/library/core/src/slice/ascii.rs line 123 column 9 function core::slice::ascii::<impl [u8]>::make_ascii_lowercase thread 0
Unwinding loop _RNvMNtNtCsci0VKyKEi6N_4core5slice5asciiSh20make_ascii_lowercaseCsa9NNHOYH0GV_10oxvba_host.0 iteration 2 file /home/runner/.rustup/toolchains/nightly-2025-11-21-x86_64-unknown-linux-gnu/lib/rustlib/src/rust/library/core/src/slice/ascii.rs line 123 column 9 function core::slice::ascii::<impl [u8]>::make_ascii_lowercase thread 0
Unwinding loop _RNvMNtNtCsci0VKyKEi6N_4core5slice5asciiSh20make_ascii_lowercaseCsa9NNHOYH0GV_10oxvba_host.0 iteration 3 file /home/runner/.rustup/toolchains/nightly-2025-11-21-x86_64-unknown-linux-gnu/lib/rustlib/src/rust/library/core/src/slice/ascii.rs line 123 column 9 function core::slice::ascii::<impl [u8]>::make_ascii_lowercase thread 0
Unwinding loop _RNvMNtNtCsci0VKyKEi6N_4core5slice5asciiSh20make_ascii_lowercaseCsa9NNHOYH0GV_10oxvba_host.0 iteration 4 file /home/runner/.rustup/toolchains/nightly-2025-11-21-x86_64-unknown-linux-gnu/lib/rustlib/src/rust/library/core/src/slice/ascii.rs line 123 column 9 function core::slice::ascii::<impl [u8]>::make_ascii_lowercase thread 0
Unwinding loop _RNvMNtNtCsci0VKyKEi6N_4core5slice5asciiSh20make_ascii_lowercaseCsa9NNHOYH0GV_10oxvba_host.0 iteration 5 file /home/runner/.rustup/toolchains/nightly-2025-11-21-x86_64-unknown-linux-gnu/lib/rustlib/src/rust/library/core/src/slice/ascii.rs line 123 column 9 function core::slice::ascii::<impl [u8]>::make_ascii_lowercase thread 0
aborting path on assume(false) at file /home/runner/.rustup/toolchains/nightly-2025-11-21-x86_64-unknown-linux-gnu/lib/rustlib/src/rust/library/alloc/src/collections/btree/node.rs line 670 column 9 function alloc::collections::btree::node::NodeRef::<alloc::collections::btree::node::marker::Mut<'_>, std::string::String, project::ProjectNode, alloc::collections::btree::node::marker::Leaf>::push_with_handle::<'_> thread 0
Unwinding loop _RINvYNtNtNtCsci0VKyKEi6N_4core3str4iter5CharsNtNtNtNtB9_4iter6traits8iterator8Iterator8try_folduNCINvNvBH_3all5checkcNCNvNtCsa9NNHOYH0GV_10oxvba_host7project23is_valid_vba_identifier0E0INtNtNtB9_3ops12control_flow11ControlFlowuEEB1X_.0 iteration 1 file /home/runner/.rustup/toolchains/nightly-2025-11-21-x86_64-unknown-linux-gnu/lib/rustlib/src/rust/library/core/src/iter/traits/iterator.rs line 2426 column 9 function <std::str::Chars<'_> as std::iter::Iterator>::try_fold::<(), {closure@std::iter::Iterator::all::check<char, {closure@crates/oxvba-host/src/project.rs:819:15: 819:19}>::{closure#0}}, std::ops::ControlFlow<()>> thread 0
Unwinding loop _RINvYNtNtNtCsci0VKyKEi6N_4core3str4iter5CharsNtNtNtNtB9_4iter6traits8iterator8Iterator8try_folduNCINvNvBH_3all5checkcNCNvNtCsa9NNHOYH0GV_10oxvba_host7project23is_valid_vba_identifier0E0INtNtNtB9_3ops12control_flow11ControlFlowuEEB1X_.0 iteration 2 file /home/runner/.rustup/toolchains/nightly-2025-11-21-x86_64-unknown-linux-gnu/lib/rustlib/src/rust/library/core/src/iter/traits/iterator.rs line 2426 column 9 function <std::str::Chars<'_> as std::iter::Iterator>::try_fold::<(), {closure@std::iter::Iterator::all::check<char, {closure@crates/oxvba-host/src/project.rs:819:15: 819:19}>::{closure#0}}, std::ops::ControlFlow<()>> thread 0
Unwinding loop _RINvYNtNtNtCsci0VKyKEi6N_4core3str4iter5CharsNtNtNtNtB9_4iter6traits8iterator8Iterator8try_folduNCINvNvBH_3all5checkcNCNvNtCsa9NNHOYH0GV_10oxvba_host7project23is_valid_vba_identifier0E0INtNtNtB9_3ops12control_flow11ControlFlowuEEB1X_.0 iteration 3 file /home/runner/.rustup/toolchains/nightly-2025-11-21-x86_64-unknown-linux-gnu/lib/rustlib/src/rust/library/core/src/iter/traits/iterator.rs line 2426 column 9 function <std::str::Chars<'_> as std::iter::Iterator>::try_fold::<(), {closure@std::iter::Iterator::all::check<char, {closure@crates/oxvba-host/src/project.rs:819:15: 819:19}>::{closure#0}}, std::ops::ControlFlow<()>> thread 0
Unwinding loop _RNvMNtNtCsci0VKyKEi6N_4core5slice5asciiSh20make_ascii_lowercaseCsa9NNHOYH0GV_10oxvba_host.0 iteration 1 file /home/runner/.rustup/toolchains/nightly-2025-11-21-x86_64-unknown-linux-gnu/lib/rustlib/src/rust/library/core/src/slice/ascii.rs line 123 column 9 function core::slice::ascii::<impl [u8]>::make_ascii_lowercase thread 0
Unwinding loop _RNvMNtNtCsci0VKyKEi6N_4core5slice5asciiSh20make_ascii_lowercaseCsa9NNHOYH0GV_10oxvba_host.0 iteration 2 file /home/runner/.rustup/toolchains/nightly-2025-11-21-x86_64-unknown-linux-gnu/lib/rustlib/src/rust/library/core/src/slice/ascii.rs line 123 column 9 function core::slice::ascii::<impl [u8]>::make_ascii_lowercase thread 0
Unwinding loop _RNvMNtNtCsci0VKyKEi6N_4core5slice5asciiSh20make_ascii_lowercaseCsa9NNHOYH0GV_10oxvba_host.0 iteration 3 file /home/runner/.rustup/toolchains/nightly-2025-11-21-x86_64-unknown-linux-gnu/lib/rustlib/src/rust/library/core/src/slice/ascii.rs line 123 column 9 function core::slice::ascii::<impl [u8]>::make_ascii_lowercase thread 0
Unwinding loop _RNvMNtNtCsci0VKyKEi6N_4core5slice5asciiSh20make_ascii_lowercaseCsa9NNHOYH0GV_10oxvba_host.0 iteration 4 file /home/runner/.rustup/toolchains/nightly-2025-11-21-x86_64-unknown-linux-gnu/lib/rustlib/src/rust/library/core/src/slice/ascii.rs line 123 column 9 function core::slice::ascii::<impl [u8]>::make_ascii_lowercase thread 0
aborting path on assume(false) at file /home/runner/work/kani/kani/library/kani_core/src/models.rs line 176 column 17 function <usize as kani::rustc_intrinsics::ToISize>::to_isize thread 0
aborting path on assume(false) at file /home/runner/work/kani/kani/library/kani/src/lib.rs line 57 column 1 function <usize as kani::rustc_intrinsics::ToISize>::to_isize thread 0
aborting path on assume(false) at file /home/runner/work/kani/kani/library/kani/src/lib.rs line 57 column 1 function <usize as kani::rustc_intrinsics::ToISize>::to_isize thread 0
aborting path on assume(false) at file /home/runner/.rustup/toolchains/nightly-2025-11-21-x86_64-unknown-linux-gnu/lib/rustlib/src/rust/library/core/src/option.rs line 2666 column 15 function <std::option::Option<&std::string::String> as std::ops::Try>::branch thread 0
aborting path on assume(false) at file /home/runner/.rustup/toolchains/nightly-2025-11-21-x86_64-unknown-linux-gnu/lib/rustlib/src/rust/library/core/src/iter/adapters/enumerate.rs line 80 column 17 function <std::iter::Enumerate<std::slice::Iter<'_, std::string::String>> as std::iter::Iterator>::next thread 0
Unwinding loop memcmp.0 iteration 1 file <builtin-library-memcmp> line 25 function memcmp thread 0
Unwinding loop memcmp.0 iteration 2 file <builtin-library-memcmp> line 25 function memcmp thread 0
Unwinding loop memcmp.0 iteration 3 file <builtin-library-memcmp> line 25 function memcmp thread 0
Unwinding loop memcmp.0 iteration 4 file <builtin-library-memcmp> line 25 function memcmp thread 0
Unwinding loop memcmp.0 iteration 5 file <builtin-library-memcmp> line 25 function memcmp thread 0
Unwinding loop memcmp.0 iteration 6 file <builtin-library-memcmp> line 25 function memcmp thread 0
Unwinding loop memcmp.0 iteration 7 file <builtin-library-memcmp> line 25 function memcmp thread 0
Unwinding loop memcmp.0 iteration 8 file <builtin-library-memcmp> line 25 function memcmp thread 0
Unwinding loop memcmp.0 iteration 9 file <builtin-library-memcmp> line 25 function memcmp thread 0
Unwinding loop memcmp.0 iteration 10 file <builtin-library-memcmp> line 25 function memcmp thread 0
Unwinding loop memcmp.0 iteration 11 file <builtin-library-memcmp> line 25 function memcmp thread 0
Unwinding loop memcmp.0 iteration 12 file <builtin-library-memcmp> line 25 function memcmp thread 0
Unwinding loop memcmp.0 iteration 13 file <builtin-library-memcmp> line 25 function memcmp thread 0
Unwinding loop memcmp.0 iteration 14 file <builtin-library-memcmp> line 25 function memcmp thread 0
Unwinding loop memcmp.0 iteration 15 file <builtin-library-memcmp> line 25 function memcmp thread 0
Unwinding loop memcmp.0 iteration 16 file <builtin-library-memcmp> line 25 function memcmp thread 0
Unwinding loop memcmp.0 iteration 17 file <builtin-library-memcmp> line 25 function memcmp thread 0
Unwinding loop memcmp.0 iteration 18 file <builtin-library-memcmp> line 25 function memcmp thread 0
Unwinding loop memcmp.0 iteration 19 file <builtin-library-memcmp> line 25 function memcmp thread 0
Unwinding loop memcmp.0 iteration 20 file <builtin-library-memcmp> line 25 function memcmp thread 0
Unwinding loop memcmp.0 iteration 21 file <builtin-library-memcmp> line 25 function memcmp thread 0
Unwinding loop memcmp.0 iteration 22 file <builtin-library-memcmp> line 25 function memcmp thread 0
Unwinding loop memcmp.0 iteration 23 file <builtin-library-memcmp> line 25 function memcmp thread 0
Unwinding loop memcmp.0 iteration 24 file <builtin-library-memcmp> line 25 function memcmp thread 0
Unwinding loop memcmp.0 iteration 25 file <builtin-library-memcmp> line 25 function memcmp thread 0
Unwinding loop memcmp.0 iteration 26 file <builtin-library-memcmp> line 25 function memcmp thread 0
Unwinding loop memcmp.0 iteration 27 file <builtin-library-memcmp> line 25 function memcmp thread 0
Unwinding loop memcmp.0 iteration 28 file <builtin-library-memcmp> line 25 function memcmp thread 0
Unwinding loop memcmp.0 iteration 29 file <builtin-library-memcmp> line 25 function memcmp thread 0
Unwinding loop memcmp.0 iteration 30 file <builtin-library-memcmp> line 25 function memcmp thread 0
Unwinding loop memcmp.0 iteration 31 file <builtin-library-memcmp> line 25 function memcmp thread 0
Unwinding loop memcmp.0 iteration 32 file <builtin-library-memcmp> line 25 function memcmp thread 0
Unwinding loop memcmp.0 iteration 33 file <builtin-library-memcmp> line 25 function memcmp thread 0
Unwinding loop memcmp.0 iteration 34 file <builtin-library-memcmp> line 25 function memcmp thread 0
Unwinding loop memcmp.0 iteration 35 file <builtin-library-memcmp> line 25 function memcmp thread 0
Unwinding loop memcmp.0 iteration 36 file <builtin-library-memcmp> line 25 function memcmp thread 0
Unwinding loop memcmp.0 iteration 37 file <builtin-library-memcmp> line 25 function memcmp thread 0
Unwinding loop memcmp.0 iteration 38 file <builtin-library-memcmp> line 25 function memcmp thread 0
Unwinding loop memcmp.0 iteration 39 file <builtin-library-memcmp> line 25 function memcmp thread 0
Unwinding loop memcmp.0 iteration 40 file <builtin-library-memcmp> line 25 function memcmp thread 0
Unwinding loop memcmp.0 iteration 41 file <builtin-library-memcmp> line 25 function memcmp thread 0
Unwinding loop memcmp.0 iteration 42 file <builtin-library-memcmp> line 25 function memcmp thread 0
Unwinding loop memcmp.0 iteration 43 file <builtin-library-memcmp> line 25 function memcmp thread 0
Unwinding loop memcmp.0 iteration 44 file <builtin-library-memcmp> line 25 function memcmp thread 0
Unwinding loop memcmp.0 iteration 45 file <builtin-library-memcmp> line 25 function memcmp thread 0
Unwinding loop memcmp.0 iteration 46 file <builtin-library-memcmp> line 25 function memcmp thread 0
Unwinding loop memcmp.0 iteration 47 file <builtin-library-memcmp> line 25 function memcmp thread 0
Unwinding loop memcmp.0 iteration 48 file <builtin-library-memcmp> line 25 function memcmp thread 0
Unwinding loop memcmp.0 iteration 49 file <builtin-library-memcmp> line 25 function memcmp thread 0
Unwinding loop memcmp.0 iteration 50 file <builtin-library-memcmp> line 25 function memcmp thread 0
Unwinding loop memcmp.0 iteration 51 file <builtin-library-memcmp> line 25 function memcmp thread 0
Unwinding loop memcmp.0 iteration 52 file <builtin-library-memcmp> line 25 function memcmp thread 0
Unwinding loop memcmp.0 iteration 53 file <builtin-library-memcmp> line 25 function memcmp thread 0
Unwinding loop memcmp.0 iteration 54 file <builtin-library-memcmp> line 25 function memcmp thread 0
Unwinding loop memcmp.0 iteration 55 file <builtin-library-memcmp> line 25 function memcmp thread 0
Unwinding loop memcmp.0 iteration 56 file <builtin-library-memcmp> line 25 function memcmp thread 0
Unwinding loop memcmp.0 iteration 57 file <builtin-library-memcmp> line 25 function memcmp thread 0
Unwinding loop memcmp.0 iteration 58 file <builtin-library-memcmp> line 25 function memcmp thread 0
Unwinding loop memcmp.0 iteration 59 file <builtin-library-memcmp> line 25 function memcmp thread 0
Unwinding loop memcmp.0 iteration 60 file <builtin-library-memcmp> line 25 function memcmp thread 0
Unwinding loop memcmp.0 iteration 61 file <builtin-library-memcmp> line 25 function memcmp thread 0
Unwinding loop memcmp.0 iteration 62 file <builtin-library-memcmp> line 25 function memcmp thread 0
Unwinding loop memcmp.0 iteration 63 file <builtin-library-memcmp> line 25 function memcmp thread 0
Unwinding loop memcmp.0 iteration 64 file <builtin-library-memcmp> line 25 function memcmp thread 0
Unwinding loop memcmp.0 iteration 65 file <builtin-library-memcmp> line 25 function memcmp thread 0
Unwinding loop memcmp.0 iteration 66 file <builtin-library-memcmp> line 25 function memcmp thread 0
Unwinding loop memcmp.0 iteration 67 file <builtin-library-memcmp> line 25 function memcmp thread 0
Unwinding loop memcmp.0 iteration 68 file <builtin-library-memcmp> line 25 function memcmp thread 0
Unwinding loop memcmp.0 iteration 69 file <builtin-library-memcmp> line 25 function memcmp thread 0
Unwinding loop memcmp.0 iteration 70 file <builtin-library-memcmp> line 25 function memcmp thread 0
Unwinding loop memcmp.0 iteration 71 file <builtin-library-memcmp> line 25 function memcmp thread 0
Unwinding loop memcmp.0 iteration 72 file <builtin-library-memcmp> line 25 function memcmp thread 0
Unwinding loop memcmp.0 iteration 73 file <builtin-library-memcmp> line 25 function memcmp thread 0
Unwinding loop memcmp.0 iteration 74 file <builtin-library-memcmp> line 25 function memcmp thread 0
Unwinding loop memcmp.0 iteration 75 file <builtin-library-memcmp> line 25 function memcmp thread 0
Unwinding loop memcmp.0 iteration 76 file <builtin-library-memcmp> line 25 function memcmp thread 0
Unwinding loop memcmp.0 iteration 77 file <builtin-library-memcmp> line 25 function memcmp thread 0
Unwinding loop memcmp.0 iteration 78 file <builtin-library-memcmp> line 25 function memcmp thread 0
Unwinding loop memcmp.0 iteration 79 file <builtin-library-memcmp> line 25 function memcmp thread 0
Unwinding loop memcmp.0 iteration 80 file <builtin-library-memcmp> line 25 function memcmp thread 0
Unwinding loop memcmp.0 iteration 81 file <builtin-library-memcmp> line 25 function memcmp thread 0
Unwinding loop memcmp.0 iteration 82 file <builtin-library-memcmp> line 25 function memcmp thread 0
Unwinding loop memcmp.0 iteration 83 file <builtin-library-memcmp> line 25 function memcmp thread 0
Unwinding loop memcmp.0 iteration 84 file <builtin-library-memcmp> line 25 function memcmp thread 0
Unwinding loop memcmp.0 iteration 85 file <builtin-library-memcmp> line 25 function memcmp thread 0
Unwinding loop memcmp.0 iteration 86 file <builtin-library-memcmp> line 25 function memcmp thread 0
Unwinding loop memcmp.0 iteration 87 file <builtin-library-memcmp> line 25 function memcmp thread 0
Unwinding loop memcmp.0 iteration 88 file <builtin-library-memcmp> line 25 function memcmp thread 0
Unwinding loop memcmp.0 iteration 89 file <builtin-library-memcmp> line 25 function memcmp thread 0
Unwinding loop memcmp.0 iteration 90 file <builtin-library-memcmp> line 25 function memcmp thread 0
Unwinding loop memcmp.0 iteration 91 file <builtin-library-memcmp> line 25 function memcmp thread 0
Unwinding loop memcmp.0 iteration 92 file <builtin-library-memcmp> line 25 function memcmp thread 0
Unwinding loop memcmp.0 iteration 93 file <builtin-library-memcmp> line 25 function memcmp thread 0
Unwinding loop memcmp.0 iteration 94 file <builtin-library-memcmp> line 25 function memcmp thread 0
Unwinding loop memcmp.0 iteration 95 file <builtin-library-memcmp> line 25 function memcmp thread 0
Unwinding loop memcmp.0 iteration 96 file <builtin-library-memcmp> line 25 function memcmp thread 0
Unwinding loop memcmp.0 iteration 97 file <builtin-library-memcmp> line 25 function memcmp thread 0
Unwinding loop memcmp.0 iteration 98 file <builtin-library-memcmp> line 25 function memcmp thread 0
Unwinding loop memcmp.0 iteration 99 file <builtin-library-memcmp> line 25 function memcmp thread 0
Unwinding loop memcmp.0 iteration 100 file <builtin-library-memcmp> line 25 function memcmp thread 0
Unwinding loop memcmp.0 iteration 101 file <builtin-library-memcmp> line 25 function memcmp thread 0
Unwinding loop memcmp.0 iteration 102 file <builtin-library-memcmp> line 25 function memcmp thread 0
Unwinding loop memcmp.0 iteration 103 file <builtin-library-memcmp> line 25 function memcmp thread 0
Unwinding loop memcmp.0 iteration 104 file <builtin-library-memcmp> line 25 function memcmp thread 0
Unwinding loop memcmp.0 iteration 105 file <builtin-library-memcmp> line 25 function memcmp thread 0
Unwinding loop memcmp.0 iteration 106 file <builtin-library-memcmp> line 25 function memcmp thread 0
Unwinding loop memcmp.0 iteration 107 file <builtin-library-memcmp> line 25 function memcmp thread 0
Unwinding loop memcmp.0 iteration 108 file <builtin-library-memcmp> line 25 function memcmp thread 0
Unwinding loop memcmp.0 iteration 109 file <builtin-library-memcmp> line 25 function memcmp thread 0
Unwinding loop memcmp.0 iteration 110 file <builtin-library-memcmp> line 25 function memcmp thread 0
Unwinding loop memcmp.0 iteration 111 file <builtin-library-memcmp> line 25 function memcmp thread 0
Unwinding loop memcmp.0 iteration 112 file <builtin-library-memcmp> line 25 function memcmp thread 0
Unwinding loop memcmp.0 iteration 113 file <builtin-library-memcmp> line 25 function memcmp thread 0
Unwinding loop memcmp.0 iteration 114 file <builtin-library-memcmp> line 25 function memcmp thread 0
Unwinding loop memcmp.0 iteration 115 file <builtin-library-memcmp> line 25 function memcmp thread 0
Unwinding loop memcmp.0 iteration 116 file <builtin-library-memcmp> line 25 function memcmp thread 0
Unwinding loop memcmp.0 iteration 117 file <builtin-library-memcmp> line 25 function memcmp thread 0
Unwinding loop memcmp.0 iteration 118 file <builtin-library-memcmp> line 25 function memcmp thread 0
Unwinding loop memcmp.0 iteration 119 file <builtin-library-memcmp> line 25 function memcmp thread 0
Unwinding loop memcmp.0 iteration 120 file <builtin-library-memcmp> line 25 function memcmp thread 0
Unwinding loop memcmp.0 iteration 121 file <builtin-library-memcmp> line 25 function memcmp thread 0
Unwinding loop memcmp.0 iteration 122 file <builtin-library-memcmp> line 25 function memcmp thread 0
Unwinding loop memcmp.0 iteration 123 file <builtin-library-memcmp> line 25 function memcmp thread 0
Unwinding loop memcmp.0 iteration 124 file <builtin-library-memcmp> line 25 function memcmp thread 0
Unwinding loop memcmp.0 iteration 125 file <builtin-library-memcmp> line 25 function memcmp thread 0
Unwinding loop memcmp.0 iteration 126 file <builtin-library-memcmp> line 25 function memcmp thread 0
Unwinding loop memcmp.0 iteration 127 file <builtin-library-memcmp> line 25 function memcmp thread 0
Unwinding loop memcmp.0 iteration 128 file <builtin-library-memcmp> line 25 function memcmp thread 0
Unwinding loop memcmp.0 iteration 129 file <builtin-library-memcmp> line 25 function memcmp thread 0
Unwinding loop memcmp.0 iteration 130 file <builtin-library-memcmp> line 25 function memcmp thread 0
Unwinding loop memcmp.0 iteration 131 file <builtin-library-memcmp> line 25 function memcmp thread 0
Unwinding loop memcmp.0 iteration 132 file <builtin-library-memcmp> line 25 function memcmp thread 0
Unwinding loop memcmp.0 iteration 133 file <builtin-library-memcmp> line 25 function memcmp thread 0
Unwinding loop memcmp.0 iteration 134 file <builtin-library-memcmp> line 25 function memcmp thread 0
Unwinding loop memcmp.0 iteration 135 file <builtin-library-memcmp> line 25 function memcmp thread 0
Unwinding loop memcmp.0 iteration 136 file <builtin-library-memcmp> line 25 function memcmp thread 0
Unwinding loop memcmp.0 iteration 137 file <builtin-library-memcmp> line 25 function memcmp thread 0
Unwinding loop memcmp.0 iteration 138 file <builtin-library-memcmp> line 25 function memcmp thread 0
Unwinding loop memcmp.0 iteration 139 file <builtin-library-memcmp> line 25 function memcmp thread 0
Unwinding loop memcmp.0 iteration 140 file <builtin-library-memcmp> line 25 function memcmp thread 0
Unwinding loop memcmp.0 iteration 141 file <builtin-library-memcmp> line 25 function memcmp thread 0
Unwinding loop memcmp.0 iteration 142 file <builtin-library-memcmp> line 25 function memcmp thread 0
Unwinding loop memcmp.0 iteration 143 file <builtin-library-memcmp> line 25 function memcmp thread 0
Unwinding loop memcmp.0 iteration 144 file <builtin-library-memcmp> line 25 function memcmp thread 0
Unwinding loop memcmp.0 iteration 145 file <builtin-library-memcmp> line 25 function memcmp thread 0
Unwinding loop memcmp.0 iteration 146 file <builtin-library-memcmp> line 25 function memcmp thread 0
Unwinding loop memcmp.0 iteration 147 file <builtin-library-memcmp> line 25 function memcmp thread 0
Unwinding loop memcmp.0 iteration 148 file <builtin-library-memcmp> line 25 function memcmp thread 0
Unwinding loop memcmp.0 iteration 149 file <builtin-library-memcmp> line 25 function memcmp thread 0
Unwinding loop memcmp.0 iteration 150 file <builtin-library-memcmp> line 25 function memcmp thread 0
Unwinding loop memcmp.0 iteration 151 file <builtin-library-memcmp> line 25 function memcmp thread 0
Unwinding loop memcmp.0 iteration 152 file <builtin-library-memcmp> line 25 function memcmp thread 0
Unwinding loop memcmp.0 iteration 153 file <builtin-library-memcmp> line 25 function memcmp thread 0
Unwinding loop memcmp.0 iteration 154 file <builtin-library-memcmp> line 25 function memcmp thread 0
Unwinding loop memcmp.0 iteration 155 file <builtin-library-memcmp> line 25 function memcmp thread 0
Unwinding loop memcmp.0 iteration 156 file <builtin-library-memcmp> line 25 function memcmp thread 0
Unwinding loop memcmp.0 iteration 157 file <builtin-library-memcmp> line 25 function memcmp thread 0
Unwinding loop memcmp.0 iteration 158 file <builtin-library-memcmp> line 25 function memcmp thread 0
Unwinding loop memcmp.0 iteration 159 file <builtin-library-memcmp> line 25 function memcmp thread 0
Unwinding loop memcmp.0 iteration 160 file <builtin-library-memcmp> line 25 function memcmp thread 0
Unwinding loop memcmp.0 iteration 161 file <builtin-library-memcmp> line 25 function memcmp thread 0
Unwinding loop memcmp.0 iteration 162 file <builtin-library-memcmp> line 25 function memcmp thread 0
Unwinding loop memcmp.0 iteration 163 file <builtin-library-memcmp> line 25 function memcmp thread 0
Unwinding loop memcmp.0 iteration 164 file <builtin-library-memcmp> line 25 function memcmp thread 0
Unwinding loop memcmp.0 iteration 165 file <builtin-library-memcmp> line 25 function memcmp thread 0
Unwinding loop memcmp.0 iteration 166 file <builtin-library-memcmp> line 25 function memcmp thread 0
Unwinding loop memcmp.0 iteration 167 file <builtin-library-memcmp> line 25 function memcmp thread 0
Unwinding loop memcmp.0 iteration 168 file <builtin-library-memcmp> line 25 function memcmp thread 0
Unwinding loop memcmp.0 iteration 169 file <builtin-library-memcmp> line 25 function memcmp thread 0
Unwinding loop memcmp.0 iteration 170 file <builtin-library-memcmp> line 25 function memcmp thread 0
Unwinding loop memcmp.0 iteration 171 file <builtin-library-memcmp> line 25 function memcmp thread 0
Unwinding loop memcmp.0 iteration 172 file <builtin-library-memcmp> line 25 function memcmp thread 0
Unwinding loop memcmp.0 iteration 173 file <builtin-library-memcmp> line 25 function memcmp thread 0
Unwinding loop memcmp.0 iteration 174 file <builtin-library-memcmp> line 25 function memcmp thread 0
Unwinding loop memcmp.0 iteration 175 file <builtin-library-memcmp> line 25 function memcmp thread 0
Unwinding loop memcmp.0 iteration 176 file <builtin-library-memcmp> line 25 function memcmp thread 0
Unwinding loop memcmp.0 iteration 177 file <builtin-library-memcmp> line 25 function memcmp thread 0
Unwinding loop memcmp.0 iteration 178 file <builtin-library-memcmp> line 25 function memcmp thread 0
Unwinding loop memcmp.0 iteration 179 file <builtin-library-memcmp> line 25 function memcmp thread 0
Unwinding loop memcmp.0 iteration 180 file <builtin-library-memcmp> line 25 function memcmp thread 0
Unwinding loop memcmp.0 iteration 181 file <builtin-library-memcmp> line 25 function memcmp thread 0
Unwinding loop memcmp.0 iteration 182 file <builtin-library-memcmp> line 25 function memcmp thread 0
Unwinding loop memcmp.0 iteration 183 file <builtin-library-memcmp> line 25 function memcmp thread 0
Unwinding loop memcmp.0 iteration 184 file <builtin-library-memcmp> line 25 function memcmp thread 0
Unwinding loop memcmp.0 iteration 185 file <builtin-library-memcmp> line 25 function memcmp thread 0
Unwinding loop memcmp.0 iteration 186 file <builtin-library-memcmp> line 25 function memcmp thread 0
Unwinding loop memcmp.0 iteration 187 file <builtin-library-memcmp> line 25 function memcmp thread 0
Unwinding loop memcmp.0 iteration 188 file <builtin-library-memcmp> line 25 function memcmp thread 0
Unwinding loop memcmp.0 iteration 189 file <builtin-library-memcmp> line 25 function memcmp thread 0
Unwinding loop memcmp.0 iteration 190 file <builtin-library-memcmp> line 25 function memcmp thread 0
Unwinding loop memcmp.0 iteration 191 file <builtin-library-memcmp> line 25 function memcmp thread 0
Unwinding loop memcmp.0 iteration 192 file <builtin-library-memcmp> line 25 function memcmp thread 0
Unwinding loop memcmp.0 iteration 193 file <builtin-library-memcmp> line 25 function memcmp thread 0
Unwinding loop memcmp.0 iteration 194 file <builtin-library-memcmp> line 25 function memcmp thread 0
Unwinding loop memcmp.0 iteration 195 file <builtin-library-memcmp> line 25 function memcmp thread 0
Unwinding loop memcmp.0 iteration 196 file <builtin-library-memcmp> line 25 function memcmp thread 0
Unwinding loop memcmp.0 iteration 197 file <builtin-library-memcmp> line 25 function memcmp thread 0
Unwinding loop memcmp.0 iteration 198 file <builtin-library-memcmp> line 25 function memcmp thread 0
Unwinding loop memcmp.0 iteration 199 file <builtin-library-memcmp> line 25 function memcmp thread 0
Unwinding loop memcmp.0 iteration 200 file <builtin-library-memcmp> line 25 function memcmp thread 0
Unwinding loop memcmp.0 iteration 201 file <builtin-library-memcmp> line 25 function memcmp thread 0
Unwinding loop memcmp.0 iteration 202 file <builtin-library-memcmp> line 25 function memcmp thread 0
Unwinding loop memcmp.0 iteration 203 file <builtin-library-memcmp> line 25 function memcmp thread 0
Unwinding loop memcmp.0 iteration 204 file <builtin-library-memcmp> line 25 function memcmp thread 0
Unwinding loop memcmp.0 iteration 205 file <builtin-library-memcmp> line 25 function memcmp thread 0
Unwinding loop memcmp.0 iteration 206 file <builtin-library-memcmp> line 25 function memcmp thread 0
Unwinding loop memcmp.0 iteration 207 file <builtin-library-memcmp> line 25 function memcmp thread 0
Unwinding loop memcmp.0 iteration 208 file <builtin-library-memcmp> line 25 function memcmp thread 0
Unwinding loop memcmp.0 iteration 209 file <builtin-library-memcmp> line 25 function memcmp thread 0
Unwinding loop memcmp.0 iteration 210 file <builtin-library-memcmp> line 25 function memcmp thread 0
Unwinding loop memcmp.0 iteration 211 file <builtin-library-memcmp> line 25 function memcmp thread 0
Unwinding loop memcmp.0 iteration 212 file <builtin-library-memcmp> line 25 function memcmp thread 0
Unwinding loop memcmp.0 iteration 213 file <builtin-library-memcmp> line 25 function memcmp thread 0
Unwinding loop memcmp.0 iteration 214 file <builtin-library-memcmp> line 25 function memcmp thread 0
Unwinding loop memcmp.0 iteration 215 file <builtin-library-memcmp> line 25 function memcmp thread 0
Unwinding loop memcmp.0 iteration 216 file <builtin-library-memcmp> line 25 function memcmp thread 0
Unwinding loop memcmp.0 iteration 217 file <builtin-library-memcmp> line 25 function memcmp thread 0
Unwinding loop memcmp.0 iteration 218 file <builtin-library-memcmp> line 25 function memcmp thread 0
Unwinding loop memcmp.0 iteration 219 file <builtin-library-memcmp> line 25 function memcmp thread 0
Unwinding loop memcmp.0 iteration 220 file <builtin-library-memcmp> line 25 function memcmp thread 0
Unwinding loop memcmp.0 iteration 221 file <builtin-library-memcmp> line 25 function memcmp thread 0
Unwinding loop memcmp.0 iteration 222 file <builtin-library-memcmp> line 25 function memcmp thread 0
Unwinding loop memcmp.0 iteration 223 file <builtin-library-memcmp> line 25 function memcmp thread 0
Unwinding loop memcmp.0 iteration 224 file <builtin-library-memcmp> line 25 function memcmp thread 0
Unwinding loop memcmp.0 iteration 225 file <builtin-library-memcmp> line 25 function memcmp thread 0
Unwinding loop memcmp.0 iteration 226 file <builtin-library-memcmp> line 25 function memcmp thread 0
Unwinding loop memcmp.0 iteration 227 file <builtin-library-memcmp> line 25 function memcmp thread 0
Unwinding loop memcmp.0 iteration 228 file <builtin-library-memcmp> line 25 function memcmp thread 0
Unwinding loop memcmp.0 iteration 229 file <builtin-library-memcmp> line 25 function memcmp thread 0
Unwinding loop memcmp.0 iteration 230 file <builtin-library-memcmp> line 25 function memcmp thread 0
Unwinding loop memcmp.0 iteration 231 file <builtin-library-memcmp> line 25 function memcmp thread 0
Unwinding loop memcmp.0 iteration 232 file <builtin-library-memcmp> line 25 function memcmp thread 0
Unwinding loop memcmp.0 iteration 233 file <builtin-library-memcmp> line 25 function memcmp thread 0
Unwinding loop memcmp.0 iteration 234 file <builtin-library-memcmp> line 25 function memcmp thread 0
Unwinding loop memcmp.0 iteration 235 file <builtin-library-memcmp> line 25 function memcmp thread 0
Unwinding loop memcmp.0 iteration 236 file <builtin-library-memcmp> line 25 function memcmp thread 0
Unwinding loop memcmp.0 iteration 237 file <builtin-library-memcmp> line 25 function memcmp thread 0
Unwinding loop memcmp.0 iteration 238 file <builtin-library-memcmp> line 25 function memcmp thread 0
Unwinding loop memcmp.0 iteration 239 file <builtin-library-memcmp> line 25 function memcmp thread 0
Unwinding loop memcmp.0 iteration 240 file <builtin-library-memcmp> line 25 function memcmp thread 0
Unwinding loop memcmp.0 iteration 241 file <builtin-library-memcmp> line 25 function memcmp thread 0
Unwinding loop memcmp.0 iteration 242 file <builtin-library-memcmp> line 25 function memcmp thread 0
Unwinding loop memcmp.0 iteration 243 file <builtin-library-memcmp> line 25 function memcmp thread 0
Unwinding loop memcmp.0 iteration 244 file <builtin-library-memcmp> line 25 function memcmp thread 0
Unwinding loop memcmp.0 iteration 245 file <builtin-library-memcmp> line 25 function memcmp thread 0
Unwinding loop memcmp.0 iteration 246 file <builtin-library-memcmp> line 25 function memcmp thread 0
Unwinding loop memcmp.0 iteration 247 file <builtin-library-memcmp> line 25 function memcmp thread 0
Unwinding loop memcmp.0 iteration 248 file <builtin-library-memcmp> line 25 function memcmp thread 0
Unwinding loop memcmp.0 iteration 249 file <builtin-library-memcmp> line 25 function memcmp thread 0
Unwinding loop memcmp.0 iteration 250 file <builtin-library-memcmp> line 25 function memcmp thread 0
Unwinding loop memcmp.0 iteration 251 file <builtin-library-memcmp> line 25 function memcmp thread 0
Unwinding loop memcmp.0 iteration 252 file <builtin-library-memcmp> line 25 function memcmp thread 0
Unwinding loop memcmp.0 iteration 253 file <builtin-library-memcmp> line 25 function memcmp thread 0
Unwinding loop memcmp.0 iteration 254 file <builtin-library-memcmp> line 25 function memcmp thread 0
Unwinding loop memcmp.0 iteration 255 file <builtin-library-memcmp> line 25 function memcmp thread 0
Unwinding loop memcmp.0 iteration 256 file <builtin-library-memcmp> line 25 function memcmp thread 0
Unwinding loop memcmp.0 iteration 257 file <builtin-library-memcmp> line 25 function memcmp thread 0
Unwinding loop memcmp.0 iteration 258 file <builtin-library-memcmp> line 25 function memcmp thread 0
Unwinding loop memcmp.0 iteration 259 file <builtin-library-memcmp> line 25 function memcmp thread 0
Unwinding loop memcmp.0 iteration 260 file <builtin-library-memcmp> line 25 function memcmp thread 0
Unwinding loop memcmp.0 iteration 261 file <builtin-library-memcmp> line 25 function memcmp thread 0
Unwinding loop memcmp.0 iteration 262 file <builtin-library-memcmp> line 25 function memcmp thread 0
Unwinding loop memcmp.0 iteration 263 file <builtin-library-memcmp> line 25 function memcmp thread 0
Unwinding loop memcmp.0 iteration 264 file <builtin-library-memcmp> line 25 function memcmp thread 0
Unwinding loop memcmp.0 iteration 265 file <builtin-library-memcmp> line 25 function memcmp thread 0
Unwinding loop memcmp.0 iteration 266 file <builtin-library-memcmp> line 25 function memcmp thread 0
Unwinding loop memcmp.0 iteration 267 file <builtin-library-memcmp> line 25 function memcmp thread 0
Unwinding loop memcmp.0 iteration 268 file <builtin-library-memcmp> line 25 function memcmp thread 0
Unwinding loop memcmp.0 iteration 269 file <builtin-library-memcmp> line 25 function memcmp thread 0
Unwinding loop memcmp.0 iteration 270 file <builtin-library-memcmp> line 25 function memcmp thread 0
Unwinding loop memcmp.0 iteration 271 file <builtin-library-memcmp> line 25 function memcmp thread 0
Unwinding loop memcmp.0 iteration 272 file <builtin-library-memcmp> line 25 function memcmp thread 0
Unwinding loop memcmp.0 iteration 273 file <builtin-library-memcmp> line 25 function memcmp thread 0
Unwinding loop memcmp.0 iteration 274 file <builtin-library-memcmp> line 25 function memcmp thread 0
Unwinding loop memcmp.0 iteration 275 file <builtin-library-memcmp> line 25 function memcmp thread 0
Unwinding loop memcmp.0 iteration 276 file <builtin-library-memcmp> line 25 function memcmp thread 0
Unwinding loop memcmp.0 iteration 277 file <builtin-library-memcmp> line 25 function memcmp thread 0
Unwinding loop memcmp.0 iteration 278 file <builtin-library-memcmp> line 25 function memcmp thread 0
Unwinding loop memcmp.0 iteration 279 file <builtin-library-memcmp> line 25 function memcmp thread 0
Unwinding loop memcmp.0 iteration 280 file <builtin-library-memcmp> line 25 function memcmp thread 0
Unwinding loop memcmp.0 iteration 281 file <builtin-library-memcmp> line 25 function memcmp thread 0
Unwinding loop memcmp.0 iteration 282 file <builtin-library-memcmp> line 25 function memcmp thread 0
Unwinding loop memcmp.0 iteration 283 file <builtin-library-memcmp> line 25 function memcmp thread 0
Unwinding loop memcmp.0 iteration 284 file <builtin-library-memcmp> line 25 function memcmp thread 0
Unwinding loop memcmp.0 iteration 285 file <builtin-library-memcmp> line 25 function memcmp thread 0
Unwinding loop memcmp.0 iteration 286 file <builtin-library-memcmp> line 25 function memcmp thread 0
Unwinding loop memcmp.0 iteration 287 file <builtin-library-memcmp> line 25 function memcmp thread 0
Unwinding loop memcmp.0 iteration 288 file <builtin-library-memcmp> line 25 function memcmp thread 0
Unwinding loop memcmp.0 iteration 289 file <builtin-library-memcmp> line 25 function memcmp thread 0
Unwinding loop memcmp.0 iteration 290 file <builtin-library-memcmp> line 25 function memcmp thread 0
Unwinding loop memcmp.0 iteration 291 file <builtin-library-memcmp> line 25 function memcmp thread 0
Unwinding loop memcmp.0 iteration 292 file <builtin-library-memcmp> line 25 function memcmp thread 0
Unwinding loop memcmp.0 iteration 293 file <builtin-library-memcmp> line 25 function memcmp thread 0
Unwinding loop memcmp.0 iteration 294 file <builtin-library-memcmp> line 25 function memcmp thread 0
Unwinding loop memcmp.0 iteration 295 file <builtin-library-memcmp> line 25 function memcmp thread 0
Unwinding loop memcmp.0 iteration 296 file <builtin-library-memcmp> line 25 function memcmp thread 0
Unwinding loop memcmp.0 iteration 297 file <builtin-library-memcmp> line 25 function memcmp thread 0
Unwinding loop memcmp.0 iteration 298 file <builtin-library-memcmp> line 25 function memcmp thread 0
Unwinding loop memcmp.0 iteration 299 file <builtin-library-memcmp> line 25 function memcmp thread 0
Unwinding loop memcmp.0 iteration 300 file <builtin-library-memcmp> line 25 function memcmp thread 0
Unwinding loop memcmp.0 iteration 301 file <builtin-library-memcmp> line 25 function memcmp thread 0
Unwinding loop memcmp.0 iteration 302 file <builtin-library-memcmp> line 25 function memcmp thread 0
Unwinding loop memcmp.0 iteration 303 file <builtin-library-memcmp> line 25 function memcmp thread 0
Unwinding loop memcmp.0 iteration 304 file <builtin-library-memcmp> line 25 function memcmp thread 0
Unwinding loop memcmp.0 iteration 305 file <builtin-library-memcmp> line 25 function memcmp thread 0
Unwinding loop memcmp.0 iteration 306 file <builtin-library-memcmp> line 25 function memcmp thread 0
Unwinding loop memcmp.0 iteration 307 file <builtin-library-memcmp> line 25 function memcmp thread 0
Unwinding loop memcmp.0 iteration 308 file <builtin-library-memcmp> line 25 function memcmp thread 0
Unwinding loop memcmp.0 iteration 309 file <builtin-library-memcmp> line 25 function memcmp thread 0
Unwinding loop memcmp.0 iteration 310 file <builtin-library-memcmp> line 25 function memcmp thread 0
Unwinding loop memcmp.0 iteration 311 file <builtin-library-memcmp> line 25 function memcmp thread 0
Unwinding loop memcmp.0 iteration 312 file <builtin-library-memcmp> line 25 function memcmp thread 0
Unwinding loop memcmp.0 iteration 313 file <builtin-library-memcmp> line 25 function memcmp thread 0
Unwinding loop memcmp.0 iteration 314 file <builtin-library-memcmp> line 25 function memcmp thread 0
Unwinding loop memcmp.0 iteration 315 file <builtin-library-memcmp> line 25 function memcmp thread 0
Unwinding loop memcmp.0 iteration 316 file <builtin-library-memcmp> line 25 function memcmp thread 0
Unwinding loop memcmp.0 iteration 317 file <builtin-library-memcmp> line 25 function memcmp thread 0
Unwinding loop memcmp.0 iteration 318 file <builtin-library-memcmp> line 25 function memcmp thread 0
Unwinding loop memcmp.0 iteration 319 file <builtin-library-memcmp> line 25 function memcmp thread 0
Unwinding loop memcmp.0 iteration 320 file <builtin-library-memcmp> line 25 function memcmp thread 0
Unwinding loop memcmp.0 iteration 321 file <builtin-library-memcmp> line 25 function memcmp thread 0
Unwinding loop memcmp.0 iteration 322 file <builtin-library-memcmp> line 25 function memcmp thread 0
Unwinding loop memcmp.0 iteration 323 file <builtin-library-memcmp> line 25 function memcmp thread 0
Unwinding loop memcmp.0 iteration 324 file <builtin-library-memcmp> line 25 function memcmp thread 0
Unwinding loop memcmp.0 iteration 325 file <builtin-library-memcmp> line 25 function memcmp thread 0
Unwinding loop memcmp.0 iteration 326 file <builtin-library-memcmp> line 25 function memcmp thread 0
Unwinding loop memcmp.0 iteration 327 file <builtin-library-memcmp> line 25 function memcmp thread 0
Unwinding loop memcmp.0 iteration 328 file <builtin-library-memcmp> line 25 function memcmp thread 0
Unwinding loop memcmp.0 iteration 329 file <builtin-library-memcmp> line 25 function memcmp thread 0
Unwinding loop memcmp.0 iteration 330 file <builtin-library-memcmp> line 25 function memcmp thread 0
Unwinding loop memcmp.0 iteration 331 file <builtin-library-memcmp> line 25 function memcmp thread 0
Unwinding loop memcmp.0 iteration 332 file <builtin-library-memcmp> line 25 function memcmp thread 0
Unwinding loop memcmp.0 iteration 333 file <builtin-library-memcmp> line 25 function memcmp thread 0
Unwinding loop memcmp.0 iteration 334 file <builtin-library-memcmp> line 25 function memcmp thread 0
Unwinding loop memcmp.0 iteration 335 file <builtin-library-memcmp> line 25 function memcmp thread 0
Unwinding loop memcmp.0 iteration 336 file <builtin-library-memcmp> line 25 function memcmp thread 0
Unwinding loop memcmp.0 iteration 337 file <builtin-library-memcmp> line 25 function memcmp thread 0
Unwinding loop memcmp.0 iteration 338 file <builtin-library-memcmp> line 25 function memcmp thread 0
Unwinding loop memcmp.0 iteration 339 file <builtin-library-memcmp> line 25 function memcmp thread 0
Unwinding loop memcmp.0 iteration 340 file <builtin-library-memcmp> line 25 function memcmp thread 0
Unwinding loop memcmp.0 iteration 341 file <builtin-library-memcmp> line 25 function memcmp thread 0
Unwinding loop memcmp.0 iteration 342 file <builtin-library-memcmp> line 25 function memcmp thread 0
Unwinding loop memcmp.0 iteration 343 file <builtin-library-memcmp> line 25 function memcmp thread 0
Unwinding loop memcmp.0 iteration 344 file <builtin-library-memcmp> line 25 function memcmp thread 0
Unwinding loop memcmp.0 iteration 345 file <builtin-library-memcmp> line 25 function memcmp thread 0
Unwinding loop memcmp.0 iteration 346 file <builtin-library-memcmp> line 25 function memcmp thread 0
Unwinding loop memcmp.0 iteration 347 file <builtin-library-memcmp> line 25 function memcmp thread 0
Unwinding loop memcmp.0 iteration 348 file <builtin-library-memcmp> line 25 function memcmp thread 0
Unwinding loop memcmp.0 iteration 349 file <builtin-library-memcmp> line 25 function memcmp thread 0
Unwinding loop memcmp.0 iteration 350 file <builtin-library-memcmp> line 25 function memcmp thread 0
Unwinding loop memcmp.0 iteration 351 file <builtin-library-memcmp> line 25 function memcmp thread 0
Unwinding loop memcmp.0 iteration 352 file <builtin-library-memcmp> line 25 function memcmp thread 0
Unwinding loop memcmp.0 iteration 353 file <builtin-library-memcmp> line 25 function memcmp thread 0
Unwinding loop memcmp.0 iteration 354 file <builtin-library-memcmp> line 25 function memcmp thread 0
Unwinding loop memcmp.0 iteration 355 file <builtin-library-memcmp> line 25 function memcmp thread 0
Unwinding loop memcmp.0 iteration 356 file <builtin-library-memcmp> line 25 function memcmp thread 0
Unwinding loop memcmp.0 iteration 357 file <builtin-library-memcmp> line 25 function memcmp thread 0
Unwinding loop memcmp.0 iteration 358 file <builtin-library-memcmp> line 25 function memcmp thread 0
Unwinding loop memcmp.0 iteration 359 file <builtin-library-memcmp> line 25 function memcmp thread 0
Unwinding loop memcmp.0 iteration 360 file <builtin-library-memcmp> line 25 function memcmp thread 0
Unwinding loop memcmp.0 iteration 361 file <builtin-library-memcmp> line 25 function memcmp thread 0
Unwinding loop memcmp.0 iteration 362 file <builtin-library-memcmp> line 25 function memcmp thread 0
Unwinding loop memcmp.0 iteration 363 file <builtin-library-memcmp> line 25 function memcmp thread 0
Unwinding loop memcmp.0 iteration 364 file <builtin-library-memcmp> line 25 function memcmp thread 0
Unwinding loop memcmp.0 iteration 365 file <builtin-library-memcmp> line 25 function memcmp thread 0
Unwinding loop memcmp.0 iteration 366 file <builtin-library-memcmp> line 25 function memcmp thread 0
Unwinding loop memcmp.0 iteration 367 file <builtin-library-memcmp> line 25 function memcmp thread 0
Unwinding loop memcmp.0 iteration 368 file <builtin-library-memcmp> line 25 function memcmp thread 0
Unwinding loop memcmp.0 iteration 369 file <builtin-library-memcmp> line 25 function memcmp thread 0
Unwinding loop memcmp.0 iteration 370 file <builtin-library-memcmp> line 25 function memcmp thread 0
Unwinding loop memcmp.0 iteration 371 file <builtin-library-memcmp> line 25 function memcmp thread 0
Unwinding loop memcmp.0 iteration 372 file <builtin-library-memcmp> line 25 function memcmp thread 0
Unwinding loop memcmp.0 iteration 373 file <builtin-library-memcmp> line 25 function memcmp thread 0
Unwinding loop memcmp.0 iteration 374 file <builtin-library-memcmp> line 25 function memcmp thread 0
Unwinding loop memcmp.0 iteration 375 file <builtin-library-memcmp> line 25 function memcmp thread 0
Unwinding loop memcmp.0 iteration 376 file <builtin-library-memcmp> line 25 function memcmp thread 0
Unwinding loop memcmp.0 iteration 377 file <builtin-library-memcmp> line 25 function memcmp thread 0
Unwinding loop memcmp.0 iteration 378 file <builtin-library-memcmp> line 25 function memcmp thread 0
Unwinding loop memcmp.0 iteration 379 file <builtin-library-memcmp> line 25 function memcmp thread 0
Unwinding loop memcmp.0 iteration 380 file <builtin-library-memcmp> line 25 function memcmp thread 0
Unwinding loop memcmp.0 iteration 381 file <builtin-library-memcmp> line 25 function memcmp thread 0
Unwinding loop memcmp.0 iteration 382 file <builtin-library-memcmp> line 25 function memcmp thread 0
Unwinding loop memcmp.0 iteration 383 file <builtin-library-memcmp> line 25 function memcmp thread 0
Unwinding loop memcmp.0 iteration 384 file <builtin-library-memcmp> line 25 function memcmp thread 0
Unwinding loop memcmp.0 iteration 385 file <builtin-library-memcmp> line 25 function memcmp thread 0
Unwinding loop memcmp.0 iteration 386 file <builtin-library-memcmp> line 25 function memcmp thread 0
Unwinding loop memcmp.0 iteration 387 file <builtin-library-memcmp> line 25 function memcmp thread 0
Unwinding loop memcmp.0 iteration 388 file <builtin-library-memcmp> line 25 function memcmp thread 0
Unwinding loop memcmp.0 iteration 389 file <builtin-library-memcmp> line 25 function memcmp thread 0
Unwinding loop memcmp.0 iteration 390 file <builtin-library-memcmp> line 25 function memcmp thread 0
Unwinding loop memcmp.0 iteration 391 file <builtin-library-memcmp> line 25 function memcmp thread 0
Unwinding loop memcmp.0 iteration 392 file <builtin-library-memcmp> line 25 function memcmp thread 0
Unwinding loop memcmp.0 iteration 393 file <builtin-library-memcmp> line 25 function memcmp thread 0
Unwinding loop memcmp.0 iteration 394 file <builtin-library-memcmp> line 25 function memcmp thread 0
Unwinding loop memcmp.0 iteration 395 file <builtin-library-memcmp> line 25 function memcmp thread 0
Unwinding loop memcmp.0 iteration 396 file <builtin-library-memcmp> line 25 function memcmp thread 0
Unwinding loop memcmp.0 iteration 397 file <builtin-library-memcmp> line 25 function memcmp thread 0
Unwinding loop memcmp.0 iteration 398 file <builtin-library-memcmp> line 25 function memcmp thread 0
Unwinding loop memcmp.0 iteration 399 file <builtin-library-memcmp> line 25 function memcmp thread 0
Unwinding loop memcmp.0 iteration 400 file <builtin-library-memcmp> line 25 function memcmp thread 0
Unwinding loop memcmp.0 iteration 401 file <builtin-library-memcmp> line 25 function memcmp thread 0
Unwinding loop memcmp.0 iteration 402 file <builtin-library-memcmp> line 25 function memcmp thread 0
Unwinding loop memcmp.0 iteration 403 file <builtin-library-memcmp> line 25 function memcmp thread 0
Unwinding loop memcmp.0 iteration 404 file <builtin-library-memcmp> line 25 function memcmp thread 0
Unwinding loop memcmp.0 iteration 405 file <builtin-library-memcmp> line 25 function memcmp thread 0
Unwinding loop memcmp.0 iteration 406 file <builtin-library-memcmp> line 25 function memcmp thread 0
Unwinding loop memcmp.0 iteration 407 file <builtin-library-memcmp> line 25 function memcmp thread 0
Unwinding loop memcmp.0 iteration 408 file <builtin-library-memcmp> line 25 function memcmp thread 0
Unwinding loop memcmp.0 iteration 409 file <builtin-library-memcmp> line 25 function memcmp thread 0
Unwinding loop memcmp.0 iteration 410 file <builtin-library-memcmp> line 25 function memcmp thread 0
Unwinding loop memcmp.0 iteration 411 file <builtin-library-memcmp> line 25 function memcmp thread 0
Unwinding loop memcmp.0 iteration 412 file <builtin-library-memcmp> line 25 function memcmp thread 0
Unwinding loop memcmp.0 iteration 413 file <builtin-library-memcmp> line 25 function memcmp thread 0
Unwinding loop memcmp.0 iteration 414 file <builtin-library-memcmp> line 25 function memcmp thread 0
Unwinding loop memcmp.0 iteration 415 file <builtin-library-memcmp> line 25 function memcmp thread 0
Unwinding loop memcmp.0 iteration 416 file <builtin-library-memcmp> line 25 function memcmp thread 0
Unwinding loop memcmp.0 iteration 417 file <builtin-library-memcmp> line 25 function memcmp thread 0
Unwinding loop memcmp.0 iteration 418 file <builtin-library-memcmp> line 25 function memcmp thread 0
Unwinding loop memcmp.0 iteration 419 file <builtin-library-memcmp> line 25 function memcmp thread 0
Unwinding loop memcmp.0 iteration 420 file <builtin-library-memcmp> line 25 function memcmp thread 0
Unwinding loop memcmp.0 iteration 421 file <builtin-library-memcmp> line 25 function memcmp thread 0
Unwinding loop memcmp.0 iteration 422 file <builtin-library-memcmp> line 25 function memcmp thread 0
Unwinding loop memcmp.0 iteration 423 file <builtin-library-memcmp> line 25 function memcmp thread 0
Unwinding loop memcmp.0 iteration 424 file <builtin-library-memcmp> line 25 function memcmp thread 0
Unwinding loop memcmp.0 iteration 425 file <builtin-library-memcmp> line 25 function memcmp thread 0
Unwinding loop memcmp.0 iteration 426 file <builtin-library-memcmp> line 25 function memcmp thread 0
Unwinding loop memcmp.0 iteration 427 file <builtin-library-memcmp> line 25 function memcmp thread 0
Unwinding loop memcmp.0 iteration 428 file <builtin-library-memcmp> line 25 function memcmp thread 0
Unwinding loop memcmp.0 iteration 429 file <builtin-library-memcmp> line 25 function memcmp thread 0
Unwinding loop memcmp.0 iteration 430 file <builtin-library-memcmp> line 25 function memcmp thread 0
Unwinding loop memcmp.0 iteration 431 file <builtin-library-memcmp> line 25 function memcmp thread 0
Unwinding loop memcmp.0 iteration 432 file <builtin-library-memcmp> line 25 function memcmp thread 0
Unwinding loop memcmp.0 iteration 433 file <builtin-library-memcmp> line 25 function memcmp thread 0
Unwinding loop memcmp.0 iteration 434 file <builtin-library-memcmp> line 25 function memcmp thread 0
Unwinding loop memcmp.0 iteration 435 file <builtin-library-memcmp> line 25 function memcmp thread 0
Unwinding loop memcmp.0 iteration 436 file <builtin-library-memcmp> line 25 function memcmp thread 0
Unwinding loop memcmp.0 iteration 437 file <builtin-library-memcmp> line 25 function memcmp thread 0
Unwinding loop memcmp.0 iteration 438 file <builtin-library-memcmp> line 25 function memcmp thread 0
Unwinding loop memcmp.0 iteration 439 file <builtin-library-memcmp> line 25 function memcmp thread 0
Unwinding loop memcmp.0 iteration 440 file <builtin-library-memcmp> line 25 function memcmp thread 0
Unwinding loop memcmp.0 iteration 441 file <builtin-library-memcmp> line 25 function memcmp thread 0
Unwinding loop memcmp.0 iteration 442 file <builtin-library-memcmp> line 25 function memcmp thread 0
Unwinding loop memcmp.0 iteration 443 file <builtin-library-memcmp> line 25 function memcmp thread 0
Unwinding loop memcmp.0 iteration 444 file <builtin-library-memcmp> line 25 function memcmp thread 0
Unwinding loop memcmp.0 iteration 445 file <builtin-library-memcmp> line 25 function memcmp thread 0
Unwinding loop memcmp.0 iteration 446 file <builtin-library-memcmp> line 25 function memcmp thread 0
Unwinding loop memcmp.0 iteration 447 file <builtin-library-memcmp> line 25 function memcmp thread 0
Unwinding loop memcmp.0 iteration 448 file <builtin-library-memcmp> line 25 function memcmp thread 0
Unwinding loop memcmp.0 iteration 449 file <builtin-library-memcmp> line 25 function memcmp thread 0
Unwinding loop memcmp.0 iteration 450 file <builtin-library-memcmp> line 25 function memcmp thread 0
Unwinding loop memcmp.0 iteration 451 file <builtin-library-memcmp> line 25 function memcmp thread 0
Unwinding loop memcmp.0 iteration 452 file <builtin-library-memcmp> line 25 function memcmp thread 0
Unwinding loop memcmp.0 iteration 453 file <builtin-library-memcmp> line 25 function memcmp thread 0
Unwinding loop memcmp.0 iteration 454 file <builtin-library-memcmp> line 25 function memcmp thread 0
Unwinding loop memcmp.0 iteration 455 file <builtin-library-memcmp> line 25 function memcmp thread 0
Unwinding loop memcmp.0 iteration 456 file <builtin-library-memcmp> line 25 function memcmp thread 0
Unwinding loop memcmp.0 iteration 457 file <builtin-library-memcmp> line 25 function memcmp thread 0
Unwinding loop memcmp.0 iteration 458 file <builtin-library-memcmp> line 25 function memcmp thread 0
Unwinding loop memcmp.0 iteration 459 file <builtin-library-memcmp> line 25 function memcmp thread 0
Unwinding loop memcmp.0 iteration 460 file <builtin-library-memcmp> line 25 function memcmp thread 0
Unwinding loop memcmp.0 iteration 461 file <builtin-library-memcmp> line 25 function memcmp thread 0
Unwinding loop memcmp.0 iteration 462 file <builtin-library-memcmp> line 25 function memcmp thread 0
Unwinding loop memcmp.0 iteration 463 file <builtin-library-memcmp> line 25 function memcmp thread 0
Unwinding loop memcmp.0 iteration 464 file <builtin-library-memcmp> line 25 function memcmp thread 0
Unwinding loop memcmp.0 iteration 465 file <builtin-library-memcmp> line 25 function memcmp thread 0
Unwinding loop memcmp.0 iteration 466 file <builtin-library-memcmp> line 25 function memcmp thread 0
Unwinding loop memcmp.0 iteration 467 file <builtin-library-memcmp> line 25 function memcmp thread 0
Unwinding loop memcmp.0 iteration 468 file <builtin-library-memcmp> line 25 function memcmp thread 0
Unwinding loop memcmp.0 iteration 469 file <builtin-library-memcmp> line 25 function memcmp thread 0
Unwinding loop memcmp.0 iteration 470 file <builtin-library-memcmp> line 25 function memcmp thread 0
Unwinding loop memcmp.0 iteration 471 file <builtin-library-memcmp> line 25 function memcmp thread 0
Unwinding loop memcmp.0 iteration 472 file <builtin-library-memcmp> line 25 function memcmp thread 0
Unwinding loop memcmp.0 iteration 473 file <builtin-library-memcmp> line 25 function memcmp thread 0
Unwinding loop memcmp.0 iteration 474 file <builtin-library-memcmp> line 25 function memcmp thread 0
Unwinding loop memcmp.0 iteration 475 file <builtin-library-memcmp> line 25 function memcmp thread 0
Unwinding loop memcmp.0 iteration 476 file <builtin-library-memcmp> line 25 function memcmp thread 0
Unwinding loop memcmp.0 iteration 477 file <builtin-library-memcmp> line 25 function memcmp thread 0
Unwinding loop memcmp.0 iteration 478 file <builtin-library-memcmp> line 25 function memcmp thread 0
Unwinding loop memcmp.0 iteration 479 file <builtin-library-memcmp> line 25 function memcmp thread 0
Unwinding loop memcmp.0 iteration 480 file <builtin-library-memcmp> line 25 function memcmp thread 0
Unwinding loop memcmp.0 iteration 481 file <builtin-library-memcmp> line 25 function memcmp thread 0
Unwinding loop memcmp.0 iteration 482 file <builtin-library-memcmp> line 25 function memcmp thread 0
Unwinding loop memcmp.0 iteration 483 file <builtin-library-memcmp> line 25 function memcmp thread 0
Unwinding loop memcmp.0 iteration 484 file <builtin-library-memcmp> line 25 function memcmp thread 0
Unwinding loop memcmp.0 iteration 485 file <builtin-library-memcmp> line 25 function memcmp thread 0
Unwinding loop memcmp.0 iteration 486 file <builtin-library-memcmp> line 25 function memcmp thread 0
Unwinding loop memcmp.0 iteration 487 file <builtin-library-memcmp> line 25 function memcmp thread 0
Unwinding loop memcmp.0 iteration 488 file <builtin-library-memcmp> line 25 function memcmp thread 0
Unwinding loop memcmp.0 iteration 489 file <builtin-library-memcmp> line 25 function memcmp thread 0
Unwinding loop memcmp.0 iteration 490 file <builtin-library-memcmp> line 25 function memcmp thread 0
Unwinding loop memcmp.0 iteration 491 file <builtin-library-memcmp> line 25 function memcmp thread 0
Unwinding loop memcmp.0 iteration 492 file <builtin-library-memcmp> line 25 function memcmp thread 0
Unwinding loop memcmp.0 iteration 493 file <builtin-library-memcmp> line 25 function memcmp thread 0
Unwinding loop memcmp.0 iteration 494 file <builtin-library-memcmp> line 25 function memcmp thread 0
Unwinding loop memcmp.0 iteration 495 file <builtin-library-memcmp> line 25 function memcmp thread 0
Unwinding loop memcmp.0 iteration 496 file <builtin-library-memcmp> line 25 function memcmp thread 0
Unwinding loop memcmp.0 iteration 497 file <builtin-library-memcmp> line 25 function memcmp thread 0
Unwinding loop memcmp.0 iteration 498 file <builtin-library-memcmp> line 25 function memcmp thread 0
Unwinding loop memcmp.0 iteration 499 file <builtin-library-memcmp> line 25 function memcmp thread 0
Unwinding loop memcmp.0 iteration 500 file <builtin-library-memcmp> line 25 function memcmp thread 0
Unwinding loop memcmp.0 iteration 501 file <builtin-library-memcmp> line 25 function memcmp thread 0
Unwinding loop memcmp.0 iteration 502 file <builtin-library-memcmp> line 25 function memcmp thread 0
Unwinding loop memcmp.0 iteration 503 file <builtin-library-memcmp> line 25 function memcmp thread 0
Unwinding loop memcmp.0 iteration 504 file <builtin-library-memcmp> line 25 function memcmp thread 0
Unwinding loop memcmp.0 iteration 505 file <builtin-library-memcmp> line 25 function memcmp thread 0
Unwinding loop memcmp.0 iteration 506 file <builtin-library-memcmp> line 25 function memcmp thread 0
Unwinding loop memcmp.0 iteration 507 file <builtin-library-memcmp> line 25 function memcmp thread 0
Unwinding loop memcmp.0 iteration 508 file <builtin-library-memcmp> line 25 function memcmp thread 0
Unwinding loop memcmp.0 iteration 509 file <builtin-library-memcmp> line 25 function memcmp thread 0
Unwinding loop memcmp.0 iteration 510 file <builtin-library-memcmp> line 25 function memcmp thread 0
Unwinding loop memcmp.0 iteration 511 file <builtin-library-memcmp> line 25 function memcmp thread 0
Unwinding loop memcmp.0 iteration 512 file <builtin-library-memcmp> line 25 function memcmp thread 0
Unwinding loop memcmp.0 iteration 513 file <builtin-library-memcmp> line 25 function memcmp thread 0
Unwinding loop memcmp.0 iteration 514 file <builtin-library-memcmp> line 25 function memcmp thread 0
Unwinding loop memcmp.0 iteration 515 file <builtin-library-memcmp> line 25 function memcmp thread 0
Unwinding loop memcmp.0 iteration 516 file <builtin-library-memcmp> line 25 function memcmp thread 0
Unwinding loop memcmp.0 iteration 517 file <builtin-library-memcmp> line 25 function memcmp thread 0
Unwinding loop memcmp.0 iteration 518 file <builtin-library-memcmp> line 25 function memcmp thread 0
Unwinding loop memcmp.0 iteration 519 file <builtin-library-memcmp> line 25 function memcmp thread 0
Unwinding loop memcmp.0 iteration 520 file <builtin-library-memcmp> line 25 function memcmp thread 0
Unwinding loop memcmp.0 iteration 521 file <builtin-library-memcmp> line 25 function memcmp thread 0
Unwinding loop memcmp.0 iteration 522 file <builtin-library-memcmp> line 25 function memcmp thread 0
Unwinding loop memcmp.0 iteration 523 file <builtin-library-memcmp> line 25 function memcmp thread 0
Unwinding loop memcmp.0 iteration 524 file <builtin-library-memcmp> line 25 function memcmp thread 0
Unwinding loop memcmp.0 iteration 525 file <builtin-library-memcmp> line 25 function memcmp thread 0
Unwinding loop memcmp.0 iteration 526 file <builtin-library-memcmp> line 25 function memcmp thread 0
Unwinding loop memcmp.0 iteration 527 file <builtin-library-memcmp> line 25 function memcmp thread 0
Unwinding loop memcmp.0 iteration 528 file <builtin-library-memcmp> line 25 function memcmp thread 0
Unwinding loop memcmp.0 iteration 529 file <builtin-library-memcmp> line 25 function memcmp thread 0
Unwinding loop memcmp.0 iteration 530 file <builtin-library-memcmp> line 25 function memcmp thread 0
Unwinding loop memcmp.0 iteration 531 file <builtin-library-memcmp> line 25 function memcmp thread 0
Unwinding loop memcmp.0 iteration 532 file <builtin-library-memcmp> line 25 function memcmp thread 0
Unwinding loop memcmp.0 iteration 533 file <builtin-library-memcmp> line 25 function memcmp thread 0
Unwinding loop memcmp.0 iteration 534 file <builtin-library-memcmp> line 25 function memcmp thread 0
Unwinding loop memcmp.0 iteration 535 file <builtin-library-memcmp> line 25 function memcmp thread 0
Unwinding loop memcmp.0 iteration 536 file <builtin-library-memcmp> line 25 function memcmp thread 0
Unwinding loop memcmp.0 iteration 537 file <builtin-library-memcmp> line 25 function memcmp thread 0
Unwinding loop memcmp.0 iteration 538 file <builtin-library-memcmp> line 25 function memcmp thread 0
Unwinding loop memcmp.0 iteration 539 file <builtin-library-memcmp> line 25 function memcmp thread 0
Unwinding loop memcmp.0 iteration 540 file <builtin-library-memcmp> line 25 function memcmp thread 0
Unwinding loop memcmp.0 iteration 541 file <builtin-library-memcmp> line 25 function memcmp thread 0
Unwinding loop memcmp.0 iteration 542 file <builtin-library-memcmp> line 25 function memcmp thread 0
Unwinding loop memcmp.0 iteration 543 file <builtin-library-memcmp> line 25 function memcmp thread 0
Unwinding loop memcmp.0 iteration 544 file <builtin-library-memcmp> line 25 function memcmp thread 0
Unwinding loop memcmp.0 iteration 545 file <builtin-library-memcmp> line 25 function memcmp thread 0
Unwinding loop memcmp.0 iteration 546 file <builtin-library-memcmp> line 25 function memcmp thread 0
Unwinding loop memcmp.0 iteration 547 file <builtin-library-memcmp> line 25 function memcmp thread 0
Unwinding loop memcmp.0 iteration 548 file <builtin-library-memcmp> line 25 function memcmp thread 0
Unwinding loop memcmp.0 iteration 549 file <builtin-library-memcmp> line 25 function memcmp thread 0
Unwinding loop memcmp.0 iteration 550 file <builtin-library-memcmp> line 25 function memcmp thread 0
Unwinding loop memcmp.0 iteration 551 file <builtin-library-memcmp> line 25 function memcmp thread 0
Unwinding loop memcmp.0 iteration 552 file <builtin-library-memcmp> line 25 function memcmp thread 0
Unwinding loop memcmp.0 iteration 553 file <builtin-library-memcmp> line 25 function memcmp thread 0
Unwinding loop memcmp.0 iteration 554 file <builtin-library-memcmp> line 25 function memcmp thread 0
Unwinding loop memcmp.0 iteration 555 file <builtin-library-memcmp> line 25 function memcmp thread 0
Unwinding loop memcmp.0 iteration 556 file <builtin-library-memcmp> line 25 function memcmp thread 0
Unwinding loop memcmp.0 iteration 557 file <builtin-library-memcmp> line 25 function memcmp thread 0
Unwinding loop memcmp.0 iteration 558 file <builtin-library-memcmp> line 25 function memcmp thread 0
Unwinding loop memcmp.0 iteration 559 file <builtin-library-memcmp> line 25 function memcmp thread 0
Unwinding loop memcmp.0 iteration 560 file <builtin-library-memcmp> line 25 function memcmp thread 0
Unwinding loop memcmp.0 iteration 561 file <builtin-library-memcmp> line 25 function memcmp thread 0
Unwinding loop memcmp.0 iteration 562 file <builtin-library-memcmp> line 25 function memcmp thread 0
Unwinding loop memcmp.0 iteration 563 file <builtin-library-memcmp> line 25 function memcmp thread 0
Unwinding loop memcmp.0 iteration 564 file <builtin-library-memcmp> line 25 function memcmp thread 0
Unwinding loop memcmp.0 iteration 565 file <builtin-library-memcmp> line 25 function memcmp thread 0
Unwinding loop memcmp.0 iteration 566 file <builtin-library-memcmp> line 25 function memcmp thread 0
Unwinding loop memcmp.0 iteration 567 file <builtin-library-memcmp> line 25 function memcmp thread 0
Unwinding loop memcmp.0 iteration 568 file <builtin-library-memcmp> line 25 function memcmp thread 0
Unwinding loop memcmp.0 iteration 569 file <builtin-library-memcmp> line 25 function memcmp thread 0
Unwinding loop memcmp.0 iteration 570 file <builtin-library-memcmp> line 25 function memcmp thread 0
Unwinding loop memcmp.0 iteration 571 file <builtin-library-memcmp> line 25 function memcmp thread 0
Unwinding loop memcmp.0 iteration 572 file <builtin-library-memcmp> line 25 function memcmp thread 0
Unwinding loop memcmp.0 iteration 573 file <builtin-library-memcmp> line 25 function memcmp thread 0
Unwinding loop memcmp.0 iteration 574 file <builtin-library-memcmp> line 25 function memcmp thread 0
Unwinding loop memcmp.0 iteration 575 file <builtin-library-memcmp> line 25 function memcmp thread 0
Unwinding loop memcmp.0 iteration 576 file <builtin-library-memcmp> line 25 function memcmp thread 0
Unwinding loop memcmp.0 iteration 577 file <builtin-library-memcmp> line 25 function memcmp thread 0
Unwinding loop memcmp.0 iteration 578 file <builtin-library-memcmp> line 25 function memcmp thread 0
Unwinding loop memcmp.0 iteration 579 file <builtin-library-memcmp> line 25 function memcmp thread 0
Unwinding loop memcmp.0 iteration 580 file <builtin-library-memcmp> line 25 function memcmp thread 0
Unwinding loop memcmp.0 iteration 581 file <builtin-library-memcmp> line 25 function memcmp thread 0
Unwinding loop memcmp.0 iteration 582 file <builtin-library-memcmp> line 25 function memcmp thread 0
Unwinding loop memcmp.0 iteration 583 file <builtin-library-memcmp> line 25 function memcmp thread 0
Unwinding loop memcmp.0 iteration 584 file <builtin-library-memcmp> line 25 function memcmp thread 0
Unwinding loop memcmp.0 iteration 585 file <builtin-library-memcmp> line 25 function memcmp thread 0
Unwinding loop memcmp.0 iteration 586 file <builtin-library-memcmp> line 25 function memcmp thread 0
Unwinding loop memcmp.0 iteration 587 file <builtin-library-memcmp> line 25 function memcmp thread 0
Unwinding loop memcmp.0 iteration 588 file <builtin-library-memcmp> line 25 function memcmp thread 0
Unwinding loop memcmp.0 iteration 589 file <builtin-library-memcmp> line 25 function memcmp thread 0
Unwinding loop memcmp.0 iteration 590 file <builtin-library-memcmp> line 25 function memcmp thread 0
Unwinding loop memcmp.0 iteration 591 file <builtin-library-memcmp> line 25 function memcmp thread 0
Unwinding loop memcmp.0 iteration 592 file <builtin-library-memcmp> line 25 function memcmp thread 0
Unwinding loop memcmp.0 iteration 593 file <builtin-library-memcmp> line 25 function memcmp thread 0
Unwinding loop memcmp.0 iteration 594 file <builtin-library-memcmp> line 25 function memcmp thread 0
Unwinding loop memcmp.0 iteration 595 file <builtin-library-memcmp> line 25 function memcmp thread 0
Unwinding loop memcmp.0 iteration 596 file <builtin-library-memcmp> line 25 function memcmp thread 0
Unwinding loop memcmp.0 iteration 597 file <builtin-library-memcmp> line 25 function memcmp thread 0
Unwinding loop memcmp.0 iteration 598 file <builtin-library-memcmp> line 25 function memcmp thread 0
Unwinding loop memcmp.0 iteration 599 file <builtin-library-memcmp> line 25 function memcmp thread 0
Unwinding loop memcmp.0 iteration 600 file <builtin-library-memcmp> line 25 function memcmp thread 0
Unwinding loop memcmp.0 iteration 601 file <builtin-library-memcmp> line 25 function memcmp thread 0
Unwinding loop memcmp.0 iteration 602 file <builtin-library-memcmp> line 25 function memcmp thread 0
Unwinding loop memcmp.0 iteration 603 file <builtin-library-memcmp> line 25 function memcmp thread 0
Unwinding loop memcmp.0 iteration 604 file <builtin-library-memcmp> line 25 function memcmp thread 0
Unwinding loop memcmp.0 iteration 605 file <builtin-library-memcmp> line 25 function memcmp thread 0
Unwinding loop memcmp.0 iteration 606 file <builtin-library-memcmp> line 25 function memcmp thread 0
Unwinding loop memcmp.0 iteration 607 file <builtin-library-memcmp> line 25 function memcmp thread 0
Unwinding loop memcmp.0 iteration 608 file <builtin-library-memcmp> line 25 function memcmp thread 0
Unwinding loop memcmp.0 iteration 609 file <builtin-library-memcmp> line 25 function memcmp thread 0
Unwinding loop memcmp.0 iteration 610 file <builtin-library-memcmp> line 25 function memcmp thread 0
Unwinding loop memcmp.0 iteration 611 file <builtin-library-memcmp> line 25 function memcmp thread 0
Unwinding loop memcmp.0 iteration 612 file <builtin-library-memcmp> line 25 function memcmp thread 0
Unwinding loop memcmp.0 iteration 613 file <builtin-library-memcmp> line 25 function memcmp thread 0
Unwinding loop memcmp.0 iteration 614 file <builtin-library-memcmp> line 25 function memcmp thread 0
Unwinding loop memcmp.0 iteration 615 file <builtin-library-memcmp> line 25 function memcmp thread 0
Unwinding loop memcmp.0 iteration 616 file <builtin-library-memcmp> line 25 function memcmp thread 0
Unwinding loop memcmp.0 iteration 617 file <builtin-library-memcmp> line 25 function memcmp thread 0
Unwinding loop memcmp.0 iteration 618 file <builtin-library-memcmp> line 25 function memcmp thread 0
Unwinding loop memcmp.0 iteration 619 file <builtin-library-memcmp> line 25 function memcmp thread 0
Unwinding loop memcmp.0 iteration 620 file <builtin-library-memcmp> line 25 function memcmp thread 0
Unwinding loop memcmp.0 iteration 621 file <builtin-library-memcmp> line 25 function memcmp thread 0
Unwinding loop memcmp.0 iteration 622 file <builtin-library-memcmp> line 25 function memcmp thread 0
Unwinding loop memcmp.0 iteration 623 file <builtin-library-memcmp> line 25 function memcmp thread 0
Unwinding loop memcmp.0 iteration 624 file <builtin-library-memcmp> line 25 function memcmp thread 0
Unwinding loop memcmp.0 iteration 625 file <builtin-library-memcmp> line 25 function memcmp thread 0
Unwinding loop memcmp.0 iteration 626 file <builtin-library-memcmp> line 25 function memcmp thread 0
Unwinding loop memcmp.0 iteration 627 file <builtin-library-memcmp> line 25 function memcmp thread 0
Unwinding loop memcmp.0 iteration 628 file <builtin-library-memcmp> line 25 function memcmp thread 0
Unwinding loop memcmp.0 iteration 629 file <builtin-library-memcmp> line 25 function memcmp thread 0
Unwinding loop memcmp.0 iteration 630 file <builtin-library-memcmp> line 25 function memcmp thread 0
Unwinding loop memcmp.0 iteration 631 file <builtin-library-memcmp> line 25 function memcmp thread 0
Unwinding loop memcmp.0 iteration 632 file <builtin-library-memcmp> line 25 function memcmp thread 0
Unwinding loop memcmp.0 iteration 633 file <builtin-library-memcmp> line 25 function memcmp thread 0
Unwinding loop memcmp.0 iteration 634 file <builtin-library-memcmp> line 25 function memcmp thread 0
Unwinding loop memcmp.0 iteration 635 file <builtin-library-memcmp> line 25 function memcmp thread 0
Unwinding loop memcmp.0 iteration 636 file <builtin-library-memcmp> line 25 function memcmp thread 0
Unwinding loop memcmp.0 iteration 637 file <builtin-library-memcmp> line 25 function memcmp thread 0
Unwinding loop memcmp.0 iteration 638 file <builtin-library-memcmp> line 25 function memcmp thread 0
Unwinding loop memcmp.0 iteration 639 file <builtin-library-memcmp> line 25 function memcmp thread 0
Unwinding loop memcmp.0 iteration 640 file <builtin-library-memcmp> line 25 function memcmp thread 0
Unwinding loop memcmp.0 iteration 641 file <builtin-library-memcmp> line 25 function memcmp thread 0
Unwinding loop memcmp.0 iteration 642 file <builtin-library-memcmp> line 25 function memcmp thread 0
Unwinding loop memcmp.0 iteration 643 file <builtin-library-memcmp> line 25 function memcmp thread 0
Unwinding loop memcmp.0 iteration 644 file <builtin-library-memcmp> line 25 function memcmp thread 0
Unwinding loop memcmp.0 iteration 645 file <builtin-library-memcmp> line 25 function memcmp thread 0
Unwinding loop memcmp.0 iteration 646 file <builtin-library-memcmp> line 25 function memcmp thread 0
Unwinding loop memcmp.0 iteration 647 file <builtin-library-memcmp> line 25 function memcmp thread 0
Unwinding loop memcmp.0 iteration 648 file <builtin-library-memcmp> line 25 function memcmp thread 0
Unwinding loop memcmp.0 iteration 649 file <builtin-library-memcmp> line 25 function memcmp thread 0
Unwinding loop memcmp.0 iteration 650 file <builtin-library-memcmp> line 25 function memcmp thread 0
Unwinding loop memcmp.0 iteration 651 file <builtin-library-memcmp> line 25 function memcmp thread 0
Unwinding loop memcmp.0 iteration 652 file <builtin-library-memcmp> line 25 function memcmp thread 0
Unwinding loop memcmp.0 iteration 653 file <builtin-library-memcmp> line 25 function memcmp thread 0
Unwinding loop memcmp.0 iteration 654 file <builtin-library-memcmp> line 25 function memcmp thread 0
Unwinding loop memcmp.0 iteration 655 file <builtin-library-memcmp> line 25 function memcmp thread 0
Unwinding loop memcmp.0 iteration 656 file <builtin-library-memcmp> line 25 function memcmp thread 0
Unwinding loop memcmp.0 iteration 657 file <builtin-library-memcmp> line 25 function memcmp thread 0
Unwinding loop memcmp.0 iteration 658 file <builtin-library-memcmp> line 25 function memcmp thread 0
Unwinding loop memcmp.0 iteration 659 file <builtin-library-memcmp> line 25 function memcmp thread 0
Unwinding loop memcmp.0 iteration 660 file <builtin-library-memcmp> line 25 function memcmp thread 0
Unwinding loop memcmp.0 iteration 661 file <builtin-library-memcmp> line 25 function memcmp thread 0
Unwinding loop memcmp.0 iteration 662 file <builtin-library-memcmp> line 25 function memcmp thread 0
Unwinding loop memcmp.0 iteration 663 file <builtin-library-memcmp> line 25 function memcmp thread 0
Unwinding loop memcmp.0 iteration 664 file <builtin-library-memcmp> line 25 function memcmp thread 0
Unwinding loop memcmp.0 iteration 665 file <builtin-library-memcmp> line 25 function memcmp thread 0
Unwinding loop memcmp.0 iteration 666 file <builtin-library-memcmp> line 25 function memcmp thread 0
Unwinding loop memcmp.0 iteration 667 file <builtin-library-memcmp> line 25 function memcmp thread 0
Unwinding loop memcmp.0 iteration 668 file <builtin-library-memcmp> line 25 function memcmp thread 0
Unwinding loop memcmp.0 iteration 669 file <builtin-library-memcmp> line 25 function memcmp thread 0
Unwinding loop memcmp.0 iteration 670 file <builtin-library-memcmp> line 25 function memcmp thread 0
Unwinding loop memcmp.0 iteration 671 file <builtin-library-memcmp> line 25 function memcmp thread 0
Unwinding loop memcmp.0 iteration 672 file <builtin-library-memcmp> line 25 function memcmp thread 0
Unwinding loop memcmp.0 iteration 673 file <builtin-library-memcmp> line 25 function memcmp thread 0
Unwinding loop memcmp.0 iteration 674 file <builtin-library-memcmp> line 25 function memcmp thread 0
Unwinding loop memcmp.0 iteration 675 file <builtin-library-memcmp> line 25 function memcmp thread 0
Unwinding loop memcmp.0 iteration 676 file <builtin-library-memcmp> line 25 function memcmp thread 0
Unwinding loop memcmp.0 iteration 677 file <builtin-library-memcmp> line 25 function memcmp thread 0
Unwinding loop memcmp.0 iteration 678 file <builtin-library-memcmp> line 25 function memcmp thread 0
Unwinding loop memcmp.0 iteration 679 file <builtin-library-memcmp> line 25 function memcmp thread 0
Unwinding loop memcmp.0 iteration 680 file <builtin-library-memcmp> line 25 function memcmp thread 0
Unwinding loop memcmp.0 iteration 681 file <builtin-library-memcmp> line 25 function memcmp thread 0
Unwinding loop memcmp.0 iteration 682 file <builtin-library-memcmp> line 25 function memcmp thread 0
Unwinding loop memcmp.0 iteration 683 file <builtin-library-memcmp> line 25 function memcmp thread 0
Unwinding loop memcmp.0 iteration 684 file <builtin-library-memcmp> line 25 function memcmp thread 0
Unwinding loop memcmp.0 iteration 685 file <builtin-library-memcmp> line 25 function memcmp thread 0
Unwinding loop memcmp.0 iteration 686 file <builtin-library-memcmp> line 25 function memcmp thread 0
Unwinding loop memcmp.0 iteration 687 file <builtin-library-memcmp> line 25 function memcmp thread 0
Unwinding loop memcmp.0 iteration 688 file <builtin-library-memcmp> line 25 function memcmp thread 0
Unwinding loop memcmp.0 iteration 689 file <builtin-library-memcmp> line 25 function memcmp thread 0
Unwinding loop memcmp.0 iteration 690 file <builtin-library-memcmp> line 25 function memcmp thread 0
Unwinding loop memcmp.0 iteration 691 file <builtin-library-memcmp> line 25 function memcmp thread 0
Unwinding loop memcmp.0 iteration 692 file <builtin-library-memcmp> line 25 function memcmp thread 0
Unwinding loop memcmp.0 iteration 693 file <builtin-library-memcmp> line 25 function memcmp thread 0
Unwinding loop memcmp.0 iteration 694 file <builtin-library-memcmp> line 25 function memcmp thread 0
Unwinding loop memcmp.0 iteration 695 file <builtin-library-memcmp> line 25 function memcmp thread 0
Unwinding loop memcmp.0 iteration 696 file <builtin-library-memcmp> line 25 function memcmp thread 0
Unwinding loop memcmp.0 iteration 697 file <builtin-library-memcmp> line 25 function memcmp thread 0
Unwinding loop memcmp.0 iteration 698 file <builtin-library-memcmp> line 25 function memcmp thread 0
Unwinding loop memcmp.0 iteration 699 file <builtin-library-memcmp> line 25 function memcmp thread 0
Unwinding loop memcmp.0 iteration 700 file <builtin-library-memcmp> line 25 function memcmp thread 0
Unwinding loop memcmp.0 iteration 701 file <builtin-library-memcmp> line 25 function memcmp thread 0
Unwinding loop memcmp.0 iteration 702 file <builtin-library-memcmp> line 25 function memcmp thread 0
Unwinding loop memcmp.0 iteration 703 file <builtin-library-memcmp> line 25 function memcmp thread 0
Unwinding loop memcmp.0 iteration 704 file <builtin-library-memcmp> line 25 function memcmp thread 0
Unwinding loop memcmp.0 iteration 705 file <builtin-library-memcmp> line 25 function memcmp thread 0
Unwinding loop memcmp.0 iteration 706 file <builtin-library-memcmp> line 25 function memcmp thread 0
Unwinding loop memcmp.0 iteration 707 file <builtin-library-memcmp> line 25 function memcmp thread 0
Unwinding loop memcmp.0 iteration 708 file <builtin-library-memcmp> line 25 function memcmp thread 0
Unwinding loop memcmp.0 iteration 709 file <builtin-library-memcmp> line 25 function memcmp thread 0
Unwinding loop memcmp.0 iteration 710 file <builtin-library-memcmp> line 25 function memcmp thread 0
Unwinding loop memcmp.0 iteration 711 file <builtin-library-memcmp> line 25 function memcmp thread 0
Unwinding loop memcmp.0 iteration 712 file <builtin-library-memcmp> line 25 function memcmp thread 0
Unwinding loop memcmp.0 iteration 713 file <builtin-library-memcmp> line 25 function memcmp thread 0
Unwinding loop memcmp.0 iteration 714 file <builtin-library-memcmp> line 25 function memcmp thread 0
Unwinding loop memcmp.0 iteration 715 file <builtin-library-memcmp> line 25 function memcmp thread 0
Unwinding loop memcmp.0 iteration 716 file <builtin-library-memcmp> line 25 function memcmp thread 0
Unwinding loop memcmp.0 iteration 717 file <builtin-library-memcmp> line 25 function memcmp thread 0
Unwinding loop memcmp.0 iteration 718 file <builtin-library-memcmp> line 25 function memcmp thread 0
Unwinding loop memcmp.0 iteration 719 file <builtin-library-memcmp> line 25 function memcmp thread 0
Unwinding loop memcmp.0 iteration 720 file <builtin-library-memcmp> line 25 function memcmp thread 0
Unwinding loop memcmp.0 iteration 721 file <builtin-library-memcmp> line 25 function memcmp thread 0
Unwinding loop memcmp.0 iteration 722 file <builtin-library-memcmp> line 25 function memcmp thread 0
Unwinding loop memcmp.0 iteration 723 file <builtin-library-memcmp> line 25 function memcmp thread 0
Unwinding loop memcmp.0 iteration 724 file <builtin-library-memcmp> line 25 function memcmp thread 0
Unwinding loop memcmp.0 iteration 725 file <builtin-library-memcmp> line 25 function memcmp thread 0
Unwinding loop memcmp.0 iteration 726 file <builtin-library-memcmp> line 25 function memcmp thread 0
Unwinding loop memcmp.0 iteration 727 file <builtin-library-memcmp> line 25 function memcmp thread 0
Unwinding loop memcmp.0 iteration 728 file <builtin-library-memcmp> line 25 function memcmp thread 0
Unwinding loop memcmp.0 iteration 729 file <builtin-library-memcmp> line 25 function memcmp thread 0
Unwinding loop memcmp.0 iteration 730 file <builtin-library-memcmp> line 25 function memcmp thread 0
Unwinding loop memcmp.0 iteration 731 file <builtin-library-memcmp> line 25 function memcmp thread 0
Unwinding loop memcmp.0 iteration 732 file <builtin-library-memcmp> line 25 function memcmp thread 0
Unwinding loop memcmp.0 iteration 733 file <builtin-library-memcmp> line 25 function memcmp thread 0
Unwinding loop memcmp.0 iteration 734 file <builtin-library-memcmp> line 25 function memcmp thread 0
Unwinding loop memcmp.0 iteration 735 file <builtin-library-memcmp> line 25 function memcmp thread 0
Unwinding loop memcmp.0 iteration 736 file <builtin-library-memcmp> line 25 function memcmp thread 0
Unwinding loop memcmp.0 iteration 737 file <builtin-library-memcmp> line 25 function memcmp thread 0
Unwinding loop memcmp.0 iteration 738 file <builtin-library-memcmp> line 25 function memcmp thread 0
Unwinding loop memcmp.0 iteration 739 file <builtin-library-memcmp> line 25 function memcmp thread 0
Unwinding loop memcmp.0 iteration 740 file <builtin-library-memcmp> line 25 function memcmp thread 0
Unwinding loop memcmp.0 iteration 741 file <builtin-library-memcmp> line 25 function memcmp thread 0
Unwinding loop memcmp.0 iteration 742 file <builtin-library-memcmp> line 25 function memcmp thread 0
Unwinding loop memcmp.0 iteration 743 file <builtin-library-memcmp> line 25 function memcmp thread 0
Unwinding loop memcmp.0 iteration 744 file <builtin-library-memcmp> line 25 function memcmp thread 0
Unwinding loop memcmp.0 iteration 745 file <builtin-library-memcmp> line 25 function memcmp thread 0
Unwinding loop memcmp.0 iteration 746 file <builtin-library-memcmp> line 25 function memcmp thread 0
Unwinding loop memcmp.0 iteration 747 file <builtin-library-memcmp> line 25 function memcmp thread 0
Unwinding loop memcmp.0 iteration 748 file <builtin-library-memcmp> line 25 function memcmp thread 0
Unwinding loop memcmp.0 iteration 749 file <builtin-library-memcmp> line 25 function memcmp thread 0
Unwinding loop memcmp.0 iteration 750 file <builtin-library-memcmp> line 25 function memcmp thread 0
Unwinding loop memcmp.0 iteration 751 file <builtin-library-memcmp> line 25 function memcmp thread 0
Unwinding loop memcmp.0 iteration 752 file <builtin-library-memcmp> line 25 function memcmp thread 0
Unwinding loop memcmp.0 iteration 753 file <builtin-library-memcmp> line 25 function memcmp thread 0
Unwinding loop memcmp.0 iteration 754 file <builtin-library-memcmp> line 25 function memcmp thread 0
Unwinding loop memcmp.0 iteration 755 file <builtin-library-memcmp> line 25 function memcmp thread 0
Unwinding loop memcmp.0 iteration 756 file <builtin-library-memcmp> line 25 function memcmp thread 0
Unwinding loop memcmp.0 iteration 757 file <builtin-library-memcmp> line 25 function memcmp thread 0
Unwinding loop memcmp.0 iteration 758 file <builtin-library-memcmp> line 25 function memcmp thread 0
Unwinding loop memcmp.0 iteration 759 file <builtin-library-memcmp> line 25 function memcmp thread 0
Unwinding loop memcmp.0 iteration 760 file <builtin-library-memcmp> line 25 function memcmp thread 0
Unwinding loop memcmp.0 iteration 761 file <builtin-library-memcmp> line 25 function memcmp thread 0
Unwinding loop memcmp.0 iteration 762 file <builtin-library-memcmp> line 25 function memcmp thread 0
Unwinding loop memcmp.0 iteration 763 file <builtin-library-memcmp> line 25 function memcmp thread 0
Unwinding loop memcmp.0 iteration 764 file <builtin-library-memcmp> line 25 function memcmp thread 0
Unwinding loop memcmp.0 iteration 765 file <builtin-library-memcmp> line 25 function memcmp thread 0
Unwinding loop memcmp.0 iteration 766 file <builtin-library-memcmp> line 25 function memcmp thread 0
Unwinding loop memcmp.0 iteration 767 file <builtin-library-memcmp> line 25 function memcmp thread 0
Unwinding loop memcmp.0 iteration 768 file <builtin-library-memcmp> line 25 function memcmp thread 0
Unwinding loop memcmp.0 iteration 769 file <builtin-library-memcmp> line 25 function memcmp thread 0
Unwinding loop memcmp.0 iteration 770 file <builtin-library-memcmp> line 25 function memcmp thread 0
Unwinding loop memcmp.0 iteration 771 file <builtin-library-memcmp> line 25 function memcmp thread 0
Unwinding loop memcmp.0 iteration 772 file <builtin-library-memcmp> line 25 function memcmp thread 0
Unwinding loop memcmp.0 iteration 773 file <builtin-library-memcmp> line 25 function memcmp thread 0
Unwinding loop memcmp.0 iteration 774 file <builtin-library-memcmp> line 25 function memcmp thread 0
Unwinding loop memcmp.0 iteration 775 file <builtin-library-memcmp> line 25 function memcmp thread 0
Unwinding loop memcmp.0 iteration 776 file <builtin-library-memcmp> line 25 function memcmp thread 0
Unwinding loop memcmp.0 iteration 777 file <builtin-library-memcmp> line 25 function memcmp thread 0
Unwinding loop memcmp.0 iteration 778 file <builtin-library-memcmp> line 25 function memcmp thread 0
Unwinding loop memcmp.0 iteration 779 file <builtin-library-memcmp> line 25 function memcmp thread 0
Unwinding loop memcmp.0 iteration 780 file <builtin-library-memcmp> line 25 function memcmp thread 0
Unwinding loop memcmp.0 iteration 781 file <builtin-library-memcmp> line 25 function memcmp thread 0
Unwinding loop memcmp.0 iteration 782 file <builtin-library-memcmp> line 25 function memcmp thread 0
Unwinding loop memcmp.0 iteration 783 file <builtin-library-memcmp> line 25 function memcmp thread 0
Unwinding loop memcmp.0 iteration 784 file <builtin-library-memcmp> line 25 function memcmp thread 0
Unwinding loop memcmp.0 iteration 785 file <builtin-library-memcmp> line 25 function memcmp thread 0
Unwinding loop memcmp.0 iteration 786 file <builtin-library-memcmp> line 25 function memcmp thread 0
Unwinding loop memcmp.0 iteration 787 file <builtin-library-memcmp> line 25 function memcmp thread 0
Unwinding loop memcmp.0 iteration 788 file <builtin-library-memcmp> line 25 function memcmp thread 0
Unwinding loop memcmp.0 iteration 789 file <builtin-library-memcmp> line 25 function memcmp thread 0
Unwinding loop memcmp.0 iteration 790 file <builtin-library-memcmp> line 25 function memcmp thread 0
Unwinding loop memcmp.0 iteration 791 file <builtin-library-memcmp> line 25 function memcmp thread 0
Unwinding loop memcmp.0 iteration 792 file <builtin-library-memcmp> line 25 function memcmp thread 0
Unwinding loop memcmp.0 iteration 793 file <builtin-library-memcmp> line 25 function memcmp thread 0
Unwinding loop memcmp.0 iteration 794 file <builtin-library-memcmp> line 25 function memcmp thread 0
Unwinding loop memcmp.0 iteration 795 file <builtin-library-memcmp> line 25 function memcmp thread 0
Unwinding loop memcmp.0 iteration 796 file <builtin-library-memcmp> line 25 function memcmp thread 0
Unwinding loop memcmp.0 iteration 797 file <builtin-library-memcmp> line 25 function memcmp thread 0
Unwinding loop memcmp.0 iteration 798 file <builtin-library-memcmp> line 25 function memcmp thread 0
Unwinding loop memcmp.0 iteration 799 file <builtin-library-memcmp> line 25 function memcmp thread 0
Unwinding loop memcmp.0 iteration 800 file <builtin-library-memcmp> line 25 function memcmp thread 0
Unwinding loop memcmp.0 iteration 801 file <builtin-library-memcmp> line 25 function memcmp thread 0
Unwinding loop memcmp.0 iteration 802 file <builtin-library-memcmp> line 25 function memcmp thread 0
Unwinding loop memcmp.0 iteration 803 file <builtin-library-memcmp> line 25 function memcmp thread 0
Unwinding loop memcmp.0 iteration 804 file <builtin-library-memcmp> line 25 function memcmp thread 0
Unwinding loop memcmp.0 iteration 805 file <builtin-library-memcmp> line 25 function memcmp thread 0
Unwinding loop memcmp.0 iteration 806 file <builtin-library-memcmp> line 25 function memcmp thread 0
Unwinding loop memcmp.0 iteration 807 file <builtin-library-memcmp> line 25 function memcmp thread 0
Unwinding loop memcmp.0 iteration 808 file <builtin-library-memcmp> line 25 function memcmp thread 0
Unwinding loop memcmp.0 iteration 809 file <builtin-library-memcmp> line 25 function memcmp thread 0
Unwinding loop memcmp.0 iteration 810 file <builtin-library-memcmp> line 25 function memcmp thread 0
Unwinding loop memcmp.0 iteration 811 file <builtin-library-memcmp> line 25 function memcmp thread 0
Unwinding loop memcmp.0 iteration 812 file <builtin-library-memcmp> line 25 function memcmp thread 0
Unwinding loop memcmp.0 iteration 813 file <builtin-library-memcmp> line 25 function memcmp thread 0
Unwinding loop memcmp.0 iteration 814 file <builtin-library-memcmp> line 25 function memcmp thread 0
Unwinding loop memcmp.0 iteration 815 file <builtin-library-memcmp> line 25 function memcmp thread 0
Unwinding loop memcmp.0 iteration 816 file <builtin-library-memcmp> line 25 function memcmp thread 0
Unwinding loop memcmp.0 iteration 817 file <builtin-library-memcmp> line 25 function memcmp thread 0
Unwinding loop memcmp.0 iteration 818 file <builtin-library-memcmp> line 25 function memcmp thread 0
Unwinding loop memcmp.0 iteration 819 file <builtin-library-memcmp> line 25 function memcmp thread 0
Unwinding loop memcmp.0 iteration 820 file <builtin-library-memcmp> line 25 function memcmp thread 0
Unwinding loop memcmp.0 iteration 821 file <builtin-library-memcmp> line 25 function memcmp thread 0
Unwinding loop memcmp.0 iteration 822 file <builtin-library-memcmp> line 25 function memcmp thread 0
Unwinding loop memcmp.0 iteration 823 file <builtin-library-memcmp> line 25 function memcmp thread 0
Unwinding loop memcmp.0 iteration 824 file <builtin-library-memcmp> line 25 function memcmp thread 0
Unwinding loop memcmp.0 iteration 825 file <builtin-library-memcmp> line 25 function memcmp thread 0
Unwinding loop memcmp.0 iteration 826 file <builtin-library-memcmp> line 25 function memcmp thread 0
Unwinding loop memcmp.0 iteration 827 file <builtin-library-memcmp> line 25 function memcmp thread 0
Unwinding loop memcmp.0 iteration 828 file <builtin-library-memcmp> line 25 function memcmp thread 0
Unwinding loop memcmp.0 iteration 829 file <builtin-library-memcmp> line 25 function memcmp thread 0
Unwinding loop memcmp.0 iteration 830 file <builtin-library-memcmp> line 25 function memcmp thread 0
Unwinding loop memcmp.0 iteration 831 file <builtin-library-memcmp> line 25 function memcmp thread 0
Unwinding loop memcmp.0 iteration 832 file <builtin-library-memcmp> line 25 function memcmp thread 0
Unwinding loop memcmp.0 iteration 833 file <builtin-library-memcmp> line 25 function memcmp thread 0
Unwinding loop memcmp.0 iteration 834 file <builtin-library-memcmp> line 25 function memcmp thread 0
Unwinding loop memcmp.0 iteration 835 file <builtin-library-memcmp> line 25 function memcmp thread 0
Unwinding loop memcmp.0 iteration 836 file <builtin-library-memcmp> line 25 function memcmp thread 0
Unwinding loop memcmp.0 iteration 837 file <builtin-library-memcmp> line 25 function memcmp thread 0
Unwinding loop memcmp.0 iteration 838 file <builtin-library-memcmp> line 25 function memcmp thread 0
Unwinding loop memcmp.0 iteration 839 file <builtin-library-memcmp> line 25 function memcmp thread 0
Unwinding loop memcmp.0 iteration 840 file <builtin-library-memcmp> line 25 function memcmp thread 0
Unwinding loop memcmp.0 iteration 841 file <builtin-library-memcmp> line 25 function memcmp thread 0
Unwinding loop memcmp.0 iteration 842 file <builtin-library-memcmp> line 25 function memcmp thread 0
Unwinding loop memcmp.0 iteration 843 file <builtin-library-memcmp> line 25 function memcmp thread 0
Unwinding loop memcmp.0 iteration 844 file <builtin-library-memcmp> line 25 function memcmp thread 0
Unwinding loop memcmp.0 iteration 845 file <builtin-library-memcmp> line 25 function memcmp thread 0
Unwinding loop memcmp.0 iteration 846 file <builtin-library-memcmp> line 25 function memcmp thread 0
Unwinding loop memcmp.0 iteration 847 file <builtin-library-memcmp> line 25 function memcmp thread 0
Unwinding loop memcmp.0 iteration 848 file <builtin-library-memcmp> line 25 function memcmp thread 0
Unwinding loop memcmp.0 iteration 849 file <builtin-library-memcmp> line 25 function memcmp thread 0
Unwinding loop memcmp.0 iteration 850 file <builtin-library-memcmp> line 25 function memcmp thread 0
Unwinding loop memcmp.0 iteration 851 file <builtin-library-memcmp> line 25 function memcmp thread 0
Unwinding loop memcmp.0 iteration 852 file <builtin-library-memcmp> line 25 function memcmp thread 0
Unwinding loop memcmp.0 iteration 853 file <builtin-library-memcmp> line 25 function memcmp thread 0
Unwinding loop memcmp.0 iteration 854 file <builtin-library-memcmp> line 25 function memcmp thread 0
Unwinding loop memcmp.0 iteration 855 file <builtin-library-memcmp> line 25 function memcmp thread 0
Unwinding loop memcmp.0 iteration 856 file <builtin-library-memcmp> line 25 function memcmp thread 0
Unwinding loop memcmp.0 iteration 857 file <builtin-library-memcmp> line 25 function memcmp thread 0
Unwinding loop memcmp.0 iteration 858 file <builtin-library-memcmp> line 25 function memcmp thread 0
Unwinding loop memcmp.0 iteration 859 file <builtin-library-memcmp> line 25 function memcmp thread 0
Unwinding loop memcmp.0 iteration 860 file <builtin-library-memcmp> line 25 function memcmp thread 0
Unwinding loop memcmp.0 iteration 861 file <builtin-library-memcmp> line 25 function memcmp thread 0
Unwinding loop memcmp.0 iteration 862 file <builtin-library-memcmp> line 25 function memcmp thread 0
Unwinding loop memcmp.0 iteration 863 file <builtin-library-memcmp> line 25 function memcmp thread 0
Unwinding loop memcmp.0 iteration 864 file <builtin-library-memcmp> line 25 function memcmp thread 0
Unwinding loop memcmp.0 iteration 865 file <builtin-library-memcmp> line 25 function memcmp thread 0
Unwinding loop memcmp.0 iteration 866 file <builtin-library-memcmp> line 25 function memcmp thread 0
Unwinding loop memcmp.0 iteration 867 file <builtin-library-memcmp> line 25 function memcmp thread 0
Unwinding loop memcmp.0 iteration 868 file <builtin-library-memcmp> line 25 function memcmp thread 0
Unwinding loop memcmp.0 iteration 869 file <builtin-library-memcmp> line 25 function memcmp thread 0
Unwinding loop memcmp.0 iteration 870 file <builtin-library-memcmp> line 25 function memcmp thread 0
Unwinding loop memcmp.0 iteration 871 file <builtin-library-memcmp> line 25 function memcmp thread 0
Unwinding loop memcmp.0 iteration 872 file <builtin-library-memcmp> line 25 function memcmp thread 0
Unwinding loop memcmp.0 iteration 873 file <builtin-library-memcmp> line 25 function memcmp thread 0
Unwinding loop memcmp.0 iteration 874 file <builtin-library-memcmp> line 25 function memcmp thread 0
Unwinding loop memcmp.0 iteration 875 file <builtin-library-memcmp> line 25 function memcmp thread 0
Unwinding loop memcmp.0 iteration 876 file <builtin-library-memcmp> line 25 function memcmp thread 0
Unwinding loop memcmp.0 iteration 877 file <builtin-library-memcmp> line 25 function memcmp thread 0
Unwinding loop memcmp.0 iteration 878 file <builtin-library-memcmp> line 25 function memcmp thread 0
Unwinding loop memcmp.0 iteration 879 file <builtin-library-memcmp> line 25 function memcmp thread 0
Unwinding loop memcmp.0 iteration 880 file <builtin-library-memcmp> line 25 function memcmp thread 0
Unwinding loop memcmp.0 iteration 881 file <builtin-library-memcmp> line 25 function memcmp thread 0
Unwinding loop memcmp.0 iteration 882 file <builtin-library-memcmp> line 25 function memcmp thread 0
Unwinding loop memcmp.0 iteration 883 file <builtin-library-memcmp> line 25 function memcmp thread 0
Unwinding loop memcmp.0 iteration 884 file <builtin-library-memcmp> line 25 function memcmp thread 0
Unwinding loop memcmp.0 iteration 885 file <builtin-library-memcmp> line 25 function memcmp thread 0
Unwinding loop memcmp.0 iteration 886 file <builtin-library-memcmp> line 25 function memcmp thread 0
Unwinding loop memcmp.0 iteration 887 file <builtin-library-memcmp> line 25 function memcmp thread 0
Unwinding loop memcmp.0 iteration 888 file <builtin-library-memcmp> line 25 function memcmp thread 0
Unwinding loop memcmp.0 iteration 889 file <builtin-library-memcmp> line 25 function memcmp thread 0
Unwinding loop memcmp.0 iteration 890 file <builtin-library-memcmp> line 25 function memcmp thread 0
Unwinding loop memcmp.0 iteration 891 file <builtin-library-memcmp> line 25 function memcmp thread 0
Unwinding loop memcmp.0 iteration 892 file <builtin-library-memcmp> line 25 function memcmp thread 0
Unwinding loop memcmp.0 iteration 893 file <builtin-library-memcmp> line 25 function memcmp thread 0
Unwinding loop memcmp.0 iteration 894 file <builtin-library-memcmp> line 25 function memcmp thread 0
Unwinding loop memcmp.0 iteration 895 file <builtin-library-memcmp> line 25 function memcmp thread 0
Unwinding loop memcmp.0 iteration 896 file <builtin-library-memcmp> line 25 function memcmp thread 0
Unwinding loop memcmp.0 iteration 897 file <builtin-library-memcmp> line 25 function memcmp thread 0
Unwinding loop memcmp.0 iteration 898 file <builtin-library-memcmp> line 25 function memcmp thread 0
Unwinding loop memcmp.0 iteration 899 file <builtin-library-memcmp> line 25 function memcmp thread 0
Unwinding loop memcmp.0 iteration 900 file <builtin-library-memcmp> line 25 function memcmp thread 0
Unwinding loop memcmp.0 iteration 901 file <builtin-library-memcmp> line 25 function memcmp thread 0
Unwinding loop memcmp.0 iteration 902 file <builtin-library-memcmp> line 25 function memcmp thread 0
Unwinding loop memcmp.0 iteration 903 file <builtin-library-memcmp> line 25 function memcmp thread 0
Unwinding loop memcmp.0 iteration 904 file <builtin-library-memcmp> line 25 function memcmp thread 0
Unwinding loop memcmp.0 iteration 905 file <builtin-library-memcmp> line 25 function memcmp thread 0
Unwinding loop memcmp.0 iteration 906 file <builtin-library-memcmp> line 25 function memcmp thread 0
Unwinding loop memcmp.0 iteration 907 file <builtin-library-memcmp> line 25 function memcmp thread 0
Unwinding loop memcmp.0 iteration 908 file <builtin-library-memcmp> line 25 function memcmp thread 0
Unwinding loop memcmp.0 iteration 909 file <builtin-library-memcmp> line 25 function memcmp thread 0
Unwinding loop memcmp.0 iteration 910 file <builtin-library-memcmp> line 25 function memcmp thread 0
Unwinding loop memcmp.0 iteration 911 file <builtin-library-memcmp> line 25 function memcmp thread 0
Unwinding loop memcmp.0 iteration 912 file <builtin-library-memcmp> line 25 function memcmp thread 0
Unwinding loop memcmp.0 iteration 913 file <builtin-library-memcmp> line 25 function memcmp thread 0
Unwinding loop memcmp.0 iteration 914 file <builtin-library-memcmp> line 25 function memcmp thread 0
Unwinding loop memcmp.0 iteration 915 file <builtin-library-memcmp> line 25 function memcmp thread 0
Unwinding loop memcmp.0 iteration 916 file <builtin-library-memcmp> line 25 function memcmp thread 0
Unwinding loop memcmp.0 iteration 917 file <builtin-library-memcmp> line 25 function memcmp thread 0
Unwinding loop memcmp.0 iteration 918 file <builtin-library-memcmp> line 25 function memcmp thread 0
Unwinding loop memcmp.0 iteration 919 file <builtin-library-memcmp> line 25 function memcmp thread 0
Unwinding loop memcmp.0 iteration 920 file <builtin-library-memcmp> line 25 function memcmp thread 0
Unwinding loop memcmp.0 iteration 921 file <builtin-library-memcmp> line 25 function memcmp thread 0
Unwinding loop memcmp.0 iteration 922 file <builtin-library-memcmp> line 25 function memcmp thread 0
Unwinding loop memcmp.0 iteration 923 file <builtin-library-memcmp> line 25 function memcmp thread 0
Unwinding loop memcmp.0 iteration 924 file <builtin-library-memcmp> line 25 function memcmp thread 0
Unwinding loop memcmp.0 iteration 925 file <builtin-library-memcmp> line 25 function memcmp thread 0
Unwinding loop memcmp.0 iteration 926 file <builtin-library-memcmp> line 25 function memcmp thread 0
Unwinding loop memcmp.0 iteration 927 file <builtin-library-memcmp> line 25 function memcmp thread 0
Unwinding loop memcmp.0 iteration 928 file <builtin-library-memcmp> line 25 function memcmp thread 0
Unwinding loop memcmp.0 iteration 929 file <builtin-library-memcmp> line 25 function memcmp thread 0
Unwinding loop memcmp.0 iteration 930 file <builtin-library-memcmp> line 25 function memcmp thread 0
Unwinding loop memcmp.0 iteration 931 file <builtin-library-memcmp> line 25 function memcmp thread 0
Unwinding loop memcmp.0 iteration 932 file <builtin-library-memcmp> line 25 function memcmp thread 0
Unwinding loop memcmp.0 iteration 933 file <builtin-library-memcmp> line 25 function memcmp thread 0
Unwinding loop memcmp.0 iteration 934 file <builtin-library-memcmp> line 25 function memcmp thread 0
Unwinding loop memcmp.0 iteration 935 file <builtin-library-memcmp> line 25 function memcmp thread 0
Unwinding loop memcmp.0 iteration 936 file <builtin-library-memcmp> line 25 function memcmp thread 0
Unwinding loop memcmp.0 iteration 937 file <builtin-library-memcmp> line 25 function memcmp thread 0
Unwinding loop memcmp.0 iteration 938 file <builtin-library-memcmp> line 25 function memcmp thread 0
Unwinding loop memcmp.0 iteration 939 file <builtin-library-memcmp> line 25 function memcmp thread 0
Unwinding loop memcmp.0 iteration 940 file <builtin-library-memcmp> line 25 function memcmp thread 0
Unwinding loop memcmp.0 iteration 941 file <builtin-library-memcmp> line 25 function memcmp thread 0
Unwinding loop memcmp.0 iteration 942 file <builtin-library-memcmp> line 25 function memcmp thread 0
Unwinding loop memcmp.0 iteration 943 file <builtin-library-memcmp> line 25 function memcmp thread 0
Unwinding loop memcmp.0 iteration 944 file <builtin-library-memcmp> line 25 function memcmp thread 0
Unwinding loop memcmp.0 iteration 945 file <builtin-library-memcmp> line 25 function memcmp thread 0
Unwinding loop memcmp.0 iteration 946 file <builtin-library-memcmp> line 25 function memcmp thread 0
Unwinding loop memcmp.0 iteration 947 file <builtin-library-memcmp> line 25 function memcmp thread 0
Unwinding loop memcmp.0 iteration 948 file <builtin-library-memcmp> line 25 function memcmp thread 0
Unwinding loop memcmp.0 iteration 949 file <builtin-library-memcmp> line 25 function memcmp thread 0
Unwinding loop memcmp.0 iteration 950 file <builtin-library-memcmp> line 25 function memcmp thread 0
Unwinding loop memcmp.0 iteration 951 file <builtin-library-memcmp> line 25 function memcmp thread 0
Unwinding loop memcmp.0 iteration 952 file <builtin-library-memcmp> line 25 function memcmp thread 0
Unwinding loop memcmp.0 iteration 953 file <builtin-library-memcmp> line 25 function memcmp thread 0
Unwinding loop memcmp.0 iteration 954 file <builtin-library-memcmp> line 25 function memcmp thread 0
Unwinding loop memcmp.0 iteration 955 file <builtin-library-memcmp> line 25 function memcmp thread 0
Unwinding loop memcmp.0 iteration 956 file <builtin-library-memcmp> line 25 function memcmp thread 0
Unwinding loop memcmp.0 iteration 957 file <builtin-library-memcmp> line 25 function memcmp thread 0
Unwinding loop memcmp.0 iteration 958 file <builtin-library-memcmp> line 25 function memcmp thread 0
Unwinding loop memcmp.0 iteration 959 file <builtin-library-memcmp> line 25 function memcmp thread 0
Unwinding loop memcmp.0 iteration 960 file <builtin-library-memcmp> line 25 function memcmp thread 0
Unwinding loop memcmp.0 iteration 961 file <builtin-library-memcmp> line 25 function memcmp thread 0
Unwinding loop memcmp.0 iteration 962 file <builtin-library-memcmp> line 25 function memcmp thread 0
Unwinding loop memcmp.0 iteration 963 file <builtin-library-memcmp> line 25 function memcmp thread 0
Unwinding loop memcmp.0 iteration 964 file <builtin-library-memcmp> line 25 function memcmp thread 0
Unwinding loop memcmp.0 iteration 965 file <builtin-library-memcmp> line 25 function memcmp thread 0
Unwinding loop memcmp.0 iteration 966 file <builtin-library-memcmp> line 25 function memcmp thread 0
Unwinding loop memcmp.0 iteration 967 file <builtin-library-memcmp> line 25 function memcmp thread 0
Unwinding loop memcmp.0 iteration 968 file <builtin-library-memcmp> line 25 function memcmp thread 0
Unwinding loop memcmp.0 iteration 969 file <builtin-library-memcmp> line 25 function memcmp thread 0
Unwinding loop memcmp.0 iteration 970 file <builtin-library-memcmp> line 25 function memcmp thread 0
Unwinding loop memcmp.0 iteration 971 file <builtin-library-memcmp> line 25 function memcmp thread 0
Unwinding loop memcmp.0 iteration 972 file <builtin-library-memcmp> line 25 function memcmp thread 0
Unwinding loop memcmp.0 iteration 973 file <builtin-library-memcmp> line 25 function memcmp thread 0
Unwinding loop memcmp.0 iteration 974 file <builtin-library-memcmp> line 25 function memcmp thread 0
Unwinding loop memcmp.0 iteration 975 file <builtin-library-memcmp> line 25 function memcmp thread 0
Unwinding loop memcmp.0 iteration 976 file <builtin-library-memcmp> line 25 function memcmp thread 0
Unwinding loop memcmp.0 iteration 977 file <builtin-library-memcmp> line 25 function memcmp thread 0
Unwinding loop memcmp.0 iteration 978 file <builtin-library-memcmp> line 25 function memcmp thread 0
Unwinding loop memcmp.0 iteration 979 file <builtin-library-memcmp> line 25 function memcmp thread 0
Unwinding loop memcmp.0 iteration 980 file <builtin-library-memcmp> line 25 function memcmp thread 0
Unwinding loop memcmp.0 iteration 981 file <builtin-library-memcmp> line 25 function memcmp thread 0
Unwinding loop memcmp.0 iteration 982 file <builtin-library-memcmp> line 25 function memcmp thread 0
Unwinding loop memcmp.0 iteration 983 file <builtin-library-memcmp> line 25 function memcmp thread 0
Unwinding loop memcmp.0 iteration 984 file <builtin-library-memcmp> line 25 function memcmp thread 0
Unwinding loop memcmp.0 iteration 985 file <builtin-library-memcmp> line 25 function memcmp thread 0
Unwinding loop memcmp.0 iteration 986 file <builtin-library-memcmp> line 25 function memcmp thread 0
Unwinding loop memcmp.0 iteration 987 file <builtin-library-memcmp> line 25 function memcmp thread 0
Unwinding loop memcmp.0 iteration 988 file <builtin-library-memcmp> line 25 function memcmp thread 0
Unwinding loop memcmp.0 iteration 989 file <builtin-library-memcmp> line 25 function memcmp thread 0
Unwinding loop memcmp.0 iteration 990 file <builtin-library-memcmp> line 25 function memcmp thread 0
Unwinding loop memcmp.0 iteration 991 file <builtin-library-memcmp> line 25 function memcmp thread 0
Unwinding loop memcmp.0 iteration 992 file <builtin-library-memcmp> line 25 function memcmp thread 0
Unwinding loop memcmp.0 iteration 993 file <builtin-library-memcmp> line 25 function memcmp thread 0
Unwinding loop memcmp.0 iteration 994 file <builtin-library-memcmp> line 25 function memcmp thread 0
Unwinding loop memcmp.0 iteration 995 file <builtin-library-memcmp> line 25 function memcmp thread 0
Unwinding loop memcmp.0 iteration 996 file <builtin-library-memcmp> line 25 function memcmp thread 0
Unwinding loop memcmp.0 iteration 997 file <builtin-library-memcmp> line 25 function memcmp thread 0
Unwinding loop memcmp.0 iteration 998 file <builtin-library-memcmp> line 25 function memcmp thread 0
Unwinding loop memcmp.0 iteration 999 file <builtin-library-memcmp> line 25 function memcmp thread 0
Unwinding loop memcmp.0 iteration 1000 file <builtin-library-memcmp> line 25 function memcmp thread 0
Unwinding loop memcmp.0 iteration 1001 file <builtin-library-memcmp> line 25 function memcmp thread 0
Unwinding loop memcmp.0 iteration 1002 file <builtin-library-memcmp> line 25 function memcmp thread 0
Unwinding loop memcmp.0 iteration 1003 file <builtin-library-memcmp> line 25 function memcmp thread 0
Unwinding loop memcmp.0 iteration 1004 file <builtin-library-memcmp> line 25 function memcmp thread 0
Unwinding loop memcmp.0 iteration 1005 file <builtin-library-memcmp> line 25 function memcmp thread 0
Unwinding loop memcmp.0 iteration 1006 file <builtin-library-memcmp> line 25 function memcmp thread 0
Unwinding loop memcmp.0 iteration 1007 file <builtin-library-memcmp> line 25 function memcmp thread 0
Unwinding loop memcmp.0 iteration 1008 file <builtin-library-memcmp> line 25 function memcmp thread 0
Unwinding loop memcmp.0 iteration 1009 file <builtin-library-memcmp> line 25 function memcmp thread 0
Unwinding loop memcmp.0 iteration 1010 file <builtin-library-memcmp> line 25 function memcmp thread 0
Unwinding loop memcmp.0 iteration 1011 file <builtin-library-memcmp> line 25 function memcmp thread 0
Unwinding loop memcmp.0 iteration 1012 file <builtin-library-memcmp> line 25 function memcmp thread 0
Unwinding loop memcmp.0 iteration 1013 file <builtin-library-memcmp> line 25 function memcmp thread 0
Unwinding loop memcmp.0 iteration 1014 file <builtin-library-memcmp> line 25 function memcmp thread 0
Unwinding loop memcmp.0 iteration 1015 file <builtin-library-memcmp> line 25 function memcmp thread 0
Unwinding loop memcmp.0 iteration 1016 file <builtin-library-memcmp> line 25 function memcmp thread 0
Unwinding loop memcmp.0 iteration 1017 file <builtin-library-memcmp> line 25 function memcmp thread 0
Unwinding loop memcmp.0 iteration 1018 file <builtin-library-memcmp> line 25 function memcmp thread 0
Unwinding loop memcmp.0 iteration 1019 file <builtin-library-memcmp> line 25 function memcmp thread 0
Unwinding loop memcmp.0 iteration 1020 file <builtin-library-memcmp> line 25 function memcmp thread 0
Unwinding loop memcmp.0 iteration 1021 file <builtin-library-memcmp> line 25 function memcmp thread 0
Unwinding loop memcmp.0 iteration 1022 file <builtin-library-memcmp> line 25 function memcmp thread 0
Unwinding loop memcmp.0 iteration 1023 file <builtin-library-memcmp> line 25 function memcmp thread 0
Unwinding loop memcmp.0 iteration 1024 file <builtin-library-memcmp> line 25 function memcmp thread 0
Unwinding loop memcmp.0 iteration 1025 file <builtin-library-memcmp> line 25 function memcmp thread 0
Unwinding loop memcmp.0 iteration 1026 file <builtin-library-memcmp> line 25 function memcmp thread 0
Unwinding loop memcmp.0 iteration 1027 file <builtin-library-memcmp> line 25 function memcmp thread 0
Unwinding loop memcmp.0 iteration 1028 file <builtin-library-memcmp> line 25 function memcmp thread 0
Unwinding loop memcmp.0 iteration 1029 file <builtin-library-memcmp> line 25 function memcmp thread 0
Unwinding loop memcmp.0 iteration 1030 file <builtin-library-memcmp> line 25 function memcmp thread 0
Unwinding loop memcmp.0 iteration 1031 file <builtin-library-memcmp> line 25 function memcmp thread 0
Unwinding loop memcmp.0 iteration 1032 file <builtin-library-memcmp> line 25 function memcmp thread 0
Unwinding loop memcmp.0 iteration 1033 file <builtin-library-memcmp> line 25 function memcmp thread 0
Unwinding loop memcmp.0 iteration 1034 file <builtin-library-memcmp> line 25 function memcmp thread 0
Unwinding loop memcmp.0 iteration 1035 file <builtin-library-memcmp> line 25 function memcmp thread 0
Unwinding loop memcmp.0 iteration 1036 file <builtin-library-memcmp> line 25 function memcmp thread 0
Unwinding loop memcmp.0 iteration 1037 file <builtin-library-memcmp> line 25 function memcmp thread 0
Unwinding loop memcmp.0 iteration 1038 file <builtin-library-memcmp> line 25 function memcmp thread 0
Unwinding loop memcmp.0 iteration 1039 file <builtin-library-memcmp> line 25 function memcmp thread 0
Unwinding loop memcmp.0 iteration 1040 file <builtin-library-memcmp> line 25 function memcmp thread 0
Unwinding loop memcmp.0 iteration 1041 file <builtin-library-memcmp> line 25 function memcmp thread 0
Unwinding loop memcmp.0 iteration 1042 file <builtin-library-memcmp> line 25 function memcmp thread 0
Unwinding loop memcmp.0 iteration 1043 file <builtin-library-memcmp> line 25 function memcmp thread 0
Unwinding loop memcmp.0 iteration 1044 file <builtin-library-memcmp> line 25 function memcmp thread 0
Unwinding loop memcmp.0 iteration 1045 file <builtin-library-memcmp> line 25 function memcmp thread 0
Unwinding loop memcmp.0 iteration 1046 file <builtin-library-memcmp> line 25 function memcmp thread 0
Unwinding loop memcmp.0 iteration 1047 file <builtin-library-memcmp> line 25 function memcmp thread 0
Unwinding loop memcmp.0 iteration 1048 file <builtin-library-memcmp> line 25 function memcmp thread 0
Unwinding loop memcmp.0 iteration 1049 file <builtin-library-memcmp> line 25 function memcmp thread 0
Unwinding loop memcmp.0 iteration 1050 file <builtin-library-memcmp> line 25 function memcmp thread 0
Unwinding loop memcmp.0 iteration 1051 file <builtin-library-memcmp> line 25 function memcmp thread 0
Unwinding loop memcmp.0 iteration 1052 file <builtin-library-memcmp> line 25 function memcmp thread 0
Unwinding loop memcmp.0 iteration 1053 file <builtin-library-memcmp> line 25 function memcmp thread 0
Unwinding loop memcmp.0 iteration 1054 file <builtin-library-memcmp> line 25 function memcmp thread 0
Unwinding loop memcmp.0 iteration 1055 file <builtin-library-memcmp> line 25 function memcmp thread 0
Unwinding loop memcmp.0 iteration 1056 file <builtin-library-memcmp> line 25 function memcmp thread 0
Unwinding loop memcmp.0 iteration 1057 file <builtin-library-memcmp> line 25 function memcmp thread 0
Unwinding loop memcmp.0 iteration 1058 file <builtin-library-memcmp> line 25 function memcmp thread 0
Unwinding loop memcmp.0 iteration 1059 file <builtin-library-memcmp> line 25 function memcmp thread 0
Unwinding loop memcmp.0 iteration 1060 file <builtin-library-memcmp> line 25 function memcmp thread 0
Unwinding loop memcmp.0 iteration 1061 file <builtin-library-memcmp> line 25 function memcmp thread 0
Unwinding loop memcmp.0 iteration 1062 file <builtin-library-memcmp> line 25 function memcmp thread 0
Unwinding loop memcmp.0 iteration 1063 file <builtin-library-memcmp> line 25 function memcmp thread 0
Unwinding loop memcmp.0 iteration 1064 file <builtin-library-memcmp> line 25 function memcmp thread 0
Unwinding loop memcmp.0 iteration 1065 file <builtin-library-memcmp> line 25 function memcmp thread 0
Unwinding loop memcmp.0 iteration 1066 file <builtin-library-memcmp> line 25 function memcmp thread 0
Unwinding loop memcmp.0 iteration 1067 file <builtin-library-memcmp> line 25 function memcmp thread 0
Unwinding loop memcmp.0 iteration 1068 file <builtin-library-memcmp> line 25 function memcmp thread 0
Unwinding loop memcmp.0 iteration 1069 file <builtin-library-memcmp> line 25 function memcmp thread 0
Unwinding loop memcmp.0 iteration 1070 file <builtin-library-memcmp> line 25 function memcmp thread 0
Unwinding loop memcmp.0 iteration 1071 file <builtin-library-memcmp> line 25 function memcmp thread 0
Unwinding loop memcmp.0 iteration 1072 file <builtin-library-memcmp> line 25 function memcmp thread 0
Unwinding loop memcmp.0 iteration 1073 file <builtin-library-memcmp> line 25 function memcmp thread 0
Unwinding loop memcmp.0 iteration 1074 file <builtin-library-memcmp> line 25 function memcmp thread 0
Unwinding loop memcmp.0 iteration 1075 file <builtin-library-memcmp> line 25 function memcmp thread 0
Unwinding loop memcmp.0 iteration 1076 file <builtin-library-memcmp> line 25 function memcmp thread 0
Unwinding loop memcmp.0 iteration 1077 file <builtin-library-memcmp> line 25 function memcmp thread 0
Unwinding loop memcmp.0 iteration 1078 file <builtin-library-memcmp> line 25 function memcmp thread 0
Unwinding loop memcmp.0 iteration 1079 file <builtin-library-memcmp> line 25 function memcmp thread 0
Unwinding loop memcmp.0 iteration 1080 file <builtin-library-memcmp> line 25 function memcmp thread 0
Unwinding loop memcmp.0 iteration 1081 file <builtin-library-memcmp> line 25 function memcmp thread 0
Unwinding loop memcmp.0 iteration 1082 file <builtin-library-memcmp> line 25 function memcmp thread 0
Unwinding loop memcmp.0 iteration 1083 file <builtin-library-memcmp> line 25 function memcmp thread 0
Unwinding loop memcmp.0 iteration 1084 file <builtin-library-memcmp> line 25 function memcmp thread 0
Unwinding loop memcmp.0 iteration 1085 file <builtin-library-memcmp> line 25 function memcmp thread 0
Unwinding loop memcmp.0 iteration 1086 file <builtin-library-memcmp> line 25 function memcmp thread 0
Unwinding loop memcmp.0 iteration 1087 file <builtin-library-memcmp> line 25 function memcmp thread 0
Unwinding loop memcmp.0 iteration 1088 file <builtin-library-memcmp> line 25 function memcmp thread 0
Unwinding loop memcmp.0 iteration 1089 file <builtin-library-memcmp> line 25 function memcmp thread 0
Unwinding loop memcmp.0 iteration 1090 file <builtin-library-memcmp> line 25 function memcmp thread 0
Unwinding loop memcmp.0 iteration 1091 file <builtin-library-memcmp> line 25 function memcmp thread 0
Unwinding loop memcmp.0 iteration 1092 file <builtin-library-memcmp> line 25 function memcmp thread 0
Unwinding loop memcmp.0 iteration 1093 file <builtin-library-memcmp> line 25 function memcmp thread 0
Unwinding loop memcmp.0 iteration 1094 file <builtin-library-memcmp> line 25 function memcmp thread 0
Unwinding loop memcmp.0 iteration 1095 file <builtin-library-memcmp> line 25 function memcmp thread 0
Unwinding loop memcmp.0 iteration 1096 file <builtin-library-memcmp> line 25 function memcmp thread 0
Unwinding loop memcmp.0 iteration 1097 file <builtin-library-memcmp> line 25 function memcmp thread 0
Unwinding loop memcmp.0 iteration 1098 file <builtin-library-memcmp> line 25 function memcmp thread 0
Unwinding loop memcmp.0 iteration 1099 file <builtin-library-memcmp> line 25 function memcmp thread 0
Unwinding loop memcmp.0 iteration 1100 file <builtin-library-memcmp> line 25 function memcmp thread 0
Unwinding loop memcmp.0 iteration 1101 file <builtin-library-memcmp> line 25 function memcmp thread 0
Unwinding loop memcmp.0 iteration 1102 file <builtin-library-memcmp> line 25 function memcmp thread 0
Unwinding loop memcmp.0 iteration 1103 file <builtin-library-memcmp> line 25 function memcmp thread 0
Unwinding loop memcmp.0 iteration 1104 file <builtin-library-memcmp> line 25 function memcmp thread 0
Unwinding loop memcmp.0 iteration 1105 file <builtin-library-memcmp> line 25 function memcmp thread 0
Unwinding loop memcmp.0 iteration 1106 file <builtin-library-memcmp> line 25 function memcmp thread 0
Unwinding loop memcmp.0 iteration 1107 file <builtin-library-memcmp> line 25 function memcmp thread 0
Unwinding loop memcmp.0 iteration 1108 file <builtin-library-memcmp> line 25 function memcmp thread 0
Unwinding loop memcmp.0 iteration 1109 file <builtin-library-memcmp> line 25 function memcmp thread 0
Unwinding loop memcmp.0 iteration 1110 file <builtin-library-memcmp> line 25 function memcmp thread 0
Unwinding loop memcmp.0 iteration 1111 file <builtin-library-memcmp> line 25 function memcmp thread 0
Unwinding loop memcmp.0 iteration 1112 file <builtin-library-memcmp> line 25 function memcmp thread 0
Unwinding loop memcmp.0 iteration 1113 file <builtin-library-memcmp> line 25 function memcmp thread 0
Unwinding loop memcmp.0 iteration 1114 file <builtin-library-memcmp> line 25 function memcmp thread 0
Unwinding loop memcmp.0 iteration 1115 file <builtin-library-memcmp> line 25 function memcmp thread 0
Unwinding loop memcmp.0 iteration 1116 file <builtin-library-memcmp> line 25 function memcmp thread 0
Unwinding loop memcmp.0 iteration 1117 file <builtin-library-memcmp> line 25 function memcmp thread 0
Unwinding loop memcmp.0 iteration 1118 file <builtin-library-memcmp> line 25 function memcmp thread 0
Unwinding loop memcmp.0 iteration 1119 file <builtin-library-memcmp> line 25 function memcmp thread 0
Unwinding loop memcmp.0 iteration 1120 file <builtin-library-memcmp> line 25 function memcmp thread 0
Unwinding loop memcmp.0 iteration 1121 file <builtin-library-memcmp> line 25 function memcmp thread 0
Unwinding loop memcmp.0 iteration 1122 file <builtin-library-memcmp> line 25 function memcmp thread 0
Unwinding loop memcmp.0 iteration 1123 file <builtin-library-memcmp> line 25 function memcmp thread 0
Unwinding loop memcmp.0 iteration 1124 file <builtin-library-memcmp> line 25 function memcmp thread 0
Unwinding loop memcmp.0 iteration 1125 file <builtin-library-memcmp> line 25 function memcmp thread 0
Unwinding loop memcmp.0 iteration 1126 file <builtin-library-memcmp> line 25 function memcmp thread 0
Unwinding loop memcmp.0 iteration 1127 file <builtin-library-memcmp> line 25 function memcmp thread 0
Unwinding loop memcmp.0 iteration 1128 file <builtin-library-memcmp> line 25 function memcmp thread 0
Unwinding loop memcmp.0 iteration 1129 file <builtin-library-memcmp> line 25 function memcmp thread 0
Unwinding loop memcmp.0 iteration 1130 file <builtin-library-memcmp> line 25 function memcmp thread 0
Unwinding loop memcmp.0 iteration 1131 file <builtin-library-memcmp> line 25 function memcmp thread 0
Unwinding loop memcmp.0 iteration 1132 file <builtin-library-memcmp> line 25 function memcmp thread 0
Unwinding loop memcmp.0 iteration 1133 file <builtin-library-memcmp> line 25 function memcmp thread 0
Unwinding loop memcmp.0 iteration 1134 file <builtin-library-memcmp> line 25 function memcmp thread 0
Unwinding loop memcmp.0 iteration 1135 file <builtin-library-memcmp> line 25 function memcmp thread 0
Unwinding loop memcmp.0 iteration 1136 file <builtin-library-memcmp> line 25 function memcmp thread 0
Unwinding loop memcmp.0 iteration 1137 file <builtin-library-memcmp> line 25 function memcmp thread 0
Unwinding loop memcmp.0 iteration 1138 file <builtin-library-memcmp> line 25 function memcmp thread 0
Unwinding loop memcmp.0 iteration 1139 file <builtin-library-memcmp> line 25 function memcmp thread 0
Unwinding loop memcmp.0 iteration 1140 file <builtin-library-memcmp> line 25 function memcmp thread 0
Unwinding loop memcmp.0 iteration 1141 file <builtin-library-memcmp> line 25 function memcmp thread 0
Unwinding loop memcmp.0 iteration 1142 file <builtin-library-memcmp> line 25 function memcmp thread 0
Unwinding loop memcmp.0 iteration 1143 file <builtin-library-memcmp> line 25 function memcmp thread 0
Unwinding loop memcmp.0 iteration 1144 file <builtin-library-memcmp> line 25 function memcmp thread 0
Unwinding loop memcmp.0 iteration 1145 file <builtin-library-memcmp> line 25 function memcmp thread 0
Unwinding loop memcmp.0 iteration 1146 file <builtin-library-memcmp> line 25 function memcmp thread 0
Unwinding loop memcmp.0 iteration 1147 file <builtin-library-memcmp> line 25 function memcmp thread 0
Unwinding loop memcmp.0 iteration 1148 file <builtin-library-memcmp> line 25 function memcmp thread 0
Unwinding loop memcmp.0 iteration 1149 file <builtin-library-memcmp> line 25 function memcmp thread 0
Unwinding loop memcmp.0 iteration 1150 file <builtin-library-memcmp> line 25 function memcmp thread 0
Unwinding loop memcmp.0 iteration 1151 file <builtin-library-memcmp> line 25 function memcmp thread 0
Unwinding loop memcmp.0 iteration 1152 file <builtin-library-memcmp> line 25 function memcmp thread 0
Unwinding loop memcmp.0 iteration 1153 file <builtin-library-memcmp> line 25 function memcmp thread 0
Unwinding loop memcmp.0 iteration 1154 file <builtin-library-memcmp> line 25 function memcmp thread 0
Unwinding loop memcmp.0 iteration 1155 file <builtin-library-memcmp> line 25 function memcmp thread 0
Unwinding loop memcmp.0 iteration 1156 file <builtin-library-memcmp> line 25 function memcmp thread 0
Unwinding loop memcmp.0 iteration 1157 file <builtin-library-memcmp> line 25 function memcmp thread 0
Unwinding loop memcmp.0 iteration 1158 file <builtin-library-memcmp> line 25 function memcmp thread 0
Unwinding loop memcmp.0 iteration 1159 file <builtin-library-memcmp> line 25 function memcmp thread 0
Unwinding loop memcmp.0 iteration 1160 file <builtin-library-memcmp> line 25 function memcmp thread 0
Unwinding loop memcmp.0 iteration 1161 file <builtin-library-memcmp> line 25 function memcmp thread 0
Unwinding loop memcmp.0 iteration 1162 file <builtin-library-memcmp> line 25 function memcmp thread 0
Unwinding loop memcmp.0 iteration 1163 file <builtin-library-memcmp> line 25 function memcmp thread 0
Unwinding loop memcmp.0 iteration 1164 file <builtin-library-memcmp> line 25 function memcmp thread 0
Unwinding loop memcmp.0 iteration 1165 file <builtin-library-memcmp> line 25 function memcmp thread 0
Unwinding loop memcmp.0 iteration 1166 file <builtin-library-memcmp> line 25 function memcmp thread 0
Unwinding loop memcmp.0 iteration 1167 file <builtin-library-memcmp> line 25 function memcmp thread 0
Unwinding loop memcmp.0 iteration 1168 file <builtin-library-memcmp> line 25 function memcmp thread 0
Unwinding loop memcmp.0 iteration 1169 file <builtin-library-memcmp> line 25 function memcmp thread 0
Unwinding loop memcmp.0 iteration 1170 file <builtin-library-memcmp> line 25 function memcmp thread 0
Unwinding loop memcmp.0 iteration 1171 file <builtin-library-memcmp> line 25 function memcmp thread 0
Unwinding loop memcmp.0 iteration 1172 file <builtin-library-memcmp> line 25 function memcmp thread 0
Unwinding loop memcmp.0 iteration 1173 file <builtin-library-memcmp> line 25 function memcmp thread 0
Unwinding loop memcmp.0 iteration 1174 file <builtin-library-memcmp> line 25 function memcmp thread 0
Unwinding loop memcmp.0 iteration 1175 file <builtin-library-memcmp> line 25 function memcmp thread 0
Unwinding loop memcmp.0 iteration 1176 file <builtin-library-memcmp> line 25 function memcmp thread 0
Unwinding loop memcmp.0 iteration 1177 file <builtin-library-memcmp> line 25 function memcmp thread 0
Unwinding loop memcmp.0 iteration 1178 file <builtin-library-memcmp> line 25 function memcmp thread 0
Unwinding loop memcmp.0 iteration 1179 file <builtin-library-memcmp> line 25 function memcmp thread 0
Unwinding loop memcmp.0 iteration 1180 file <builtin-library-memcmp> line 25 function memcmp thread 0
Unwinding loop memcmp.0 iteration 1181 file <builtin-library-memcmp> line 25 function memcmp thread 0
Unwinding loop memcmp.0 iteration 1182 file <builtin-library-memcmp> line 25 function memcmp thread 0
Unwinding loop memcmp.0 iteration 1183 file <builtin-library-memcmp> line 25 function memcmp thread 0
Unwinding loop memcmp.0 iteration 1184 file <builtin-library-memcmp> line 25 function memcmp thread 0
Unwinding loop memcmp.0 iteration 1185 file <builtin-library-memcmp> line 25 function memcmp thread 0
Unwinding loop memcmp.0 iteration 1186 file <builtin-library-memcmp> line 25 function memcmp thread 0
Unwinding loop memcmp.0 iteration 1187 file <builtin-library-memcmp> line 25 function memcmp thread 0
Unwinding loop memcmp.0 iteration 1188 file <builtin-library-memcmp> line 25 function memcmp thread 0
Unwinding loop memcmp.0 iteration 1189 file <builtin-library-memcmp> line 25 function memcmp thread 0
Unwinding loop memcmp.0 iteration 1190 file <builtin-library-memcmp> line 25 function memcmp thread 0
Unwinding loop memcmp.0 iteration 1191 file <builtin-library-memcmp> line 25 function memcmp thread 0
Unwinding loop memcmp.0 iteration 1192 file <builtin-library-memcmp> line 25 function memcmp thread 0
Unwinding loop memcmp.0 iteration 1193 file <builtin-library-memcmp> line 25 function memcmp thread 0
Unwinding loop memcmp.0 iteration 1194 file <builtin-library-memcmp> line 25 function memcmp thread 0
Unwinding loop memcmp.0 iteration 1195 file <builtin-library-memcmp> line 25 function memcmp thread 0
Unwinding loop memcmp.0 iteration 1196 file <builtin-library-memcmp> line 25 function memcmp thread 0
Unwinding loop memcmp.0 iteration 1197 file <builtin-library-memcmp> line 25 function memcmp thread 0
Unwinding loop memcmp.0 iteration 1198 file <builtin-library-memcmp> line 25 function memcmp thread 0
Unwinding loop memcmp.0 iteration 1199 file <builtin-library-memcmp> line 25 function memcmp thread 0
Unwinding loop memcmp.0 iteration 1200 file <builtin-library-memcmp> line 25 function memcmp thread 0
Unwinding loop memcmp.0 iteration 1201 file <builtin-library-memcmp> line 25 function memcmp thread 0
Unwinding loop memcmp.0 iteration 1202 file <builtin-library-memcmp> line 25 function memcmp thread 0
Unwinding loop memcmp.0 iteration 1203 file <builtin-library-memcmp> line 25 function memcmp thread 0
Unwinding loop memcmp.0 iteration 1204 file <builtin-library-memcmp> line 25 function memcmp thread 0
Unwinding loop memcmp.0 iteration 1205 file <builtin-library-memcmp> line 25 function memcmp thread 0
Unwinding loop memcmp.0 iteration 1206 file <builtin-library-memcmp> line 25 function memcmp thread 0
Unwinding loop memcmp.0 iteration 1207 file <builtin-library-memcmp> line 25 function memcmp thread 0
Unwinding loop memcmp.0 iteration 1208 file <builtin-library-memcmp> line 25 function memcmp thread 0
Unwinding loop memcmp.0 iteration 1209 file <builtin-library-memcmp> line 25 function memcmp thread 0
Unwinding loop memcmp.0 iteration 1210 file <builtin-library-memcmp> line 25 function memcmp thread 0
Unwinding loop memcmp.0 iteration 1211 file <builtin-library-memcmp> line 25 function memcmp thread 0
Unwinding loop memcmp.0 iteration 1212 file <builtin-library-memcmp> line 25 function memcmp thread 0
Unwinding loop memcmp.0 iteration 1213 file <builtin-library-memcmp> line 25 function memcmp thread 0
Unwinding loop memcmp.0 iteration 1214 file <builtin-library-memcmp> line 25 function memcmp thread 0
Unwinding loop memcmp.0 iteration 1215 file <builtin-library-memcmp> line 25 function memcmp thread 0
Unwinding loop memcmp.0 iteration 1216 file <builtin-library-memcmp> line 25 function memcmp thread 0
Unwinding loop memcmp.0 iteration 1217 file <builtin-library-memcmp> line 25 function memcmp thread 0
Unwinding loop memcmp.0 iteration 1218 file <builtin-library-memcmp> line 25 function memcmp thread 0
Unwinding loop memcmp.0 iteration 1219 file <builtin-library-memcmp> line 25 function memcmp thread 0
Unwinding loop memcmp.0 iteration 1220 file <builtin-library-memcmp> line 25 function memcmp thread 0
Unwinding loop memcmp.0 iteration 1221 file <builtin-library-memcmp> line 25 function memcmp thread 0
Unwinding loop memcmp.0 iteration 1222 file <builtin-library-memcmp> line 25 function memcmp thread 0
Unwinding loop memcmp.0 iteration 1223 file <builtin-library-memcmp> line 25 function memcmp thread 0
Unwinding loop memcmp.0 iteration 1224 file <builtin-library-memcmp> line 25 function memcmp thread 0
Unwinding loop memcmp.0 iteration 1225 file <builtin-library-memcmp> line 25 function memcmp thread 0
Unwinding loop memcmp.0 iteration 1226 file <builtin-library-memcmp> line 25 function memcmp thread 0
Unwinding loop memcmp.0 iteration 1227 file <builtin-library-memcmp> line 25 function memcmp thread 0
Unwinding loop memcmp.0 iteration 1228 file <builtin-library-memcmp> line 25 function memcmp thread 0
Unwinding loop memcmp.0 iteration 1229 file <builtin-library-memcmp> line 25 function memcmp thread 0
Unwinding loop memcmp.0 iteration 1230 file <builtin-library-memcmp> line 25 function memcmp thread 0
Unwinding loop memcmp.0 iteration 1231 file <builtin-library-memcmp> line 25 function memcmp thread 0
Unwinding loop memcmp.0 iteration 1232 file <builtin-library-memcmp> line 25 function memcmp thread 0
Unwinding loop memcmp.0 iteration 1233 file <builtin-library-memcmp> line 25 function memcmp thread 0
Unwinding loop memcmp.0 iteration 1234 file <builtin-library-memcmp> line 25 function memcmp thread 0
Unwinding loop memcmp.0 iteration 1235 file <builtin-library-memcmp> line 25 function memcmp thread 0
Unwinding loop memcmp.0 iteration 1236 file <builtin-library-memcmp> line 25 function memcmp thread 0
Unwinding loop memcmp.0 iteration 1237 file <builtin-library-memcmp> line 25 function memcmp thread 0
Unwinding loop memcmp.0 iteration 1238 file <builtin-library-memcmp> line 25 function memcmp thread 0
Unwinding loop memcmp.0 iteration 1239 file <builtin-library-memcmp> line 25 function memcmp thread 0
Unwinding loop memcmp.0 iteration 1240 file <builtin-library-memcmp> line 25 function memcmp thread 0
Unwinding loop memcmp.0 iteration 1241 file <builtin-library-memcmp> line 25 function memcmp thread 0
Unwinding loop memcmp.0 iteration 1242 file <builtin-library-memcmp> line 25 function memcmp thread 0
Unwinding loop memcmp.0 iteration 1243 file <builtin-library-memcmp> line 25 function memcmp thread 0
Unwinding loop memcmp.0 iteration 1244 file <builtin-library-memcmp> line 25 function memcmp thread 0
Unwinding loop memcmp.0 iteration 1245 file <builtin-library-memcmp> line 25 function memcmp thread 0
Unwinding loop memcmp.0 iteration 1246 file <builtin-library-memcmp> line 25 function memcmp thread 0
Unwinding loop memcmp.0 iteration 1247 file <builtin-library-memcmp> line 25 function memcmp thread 0
Unwinding loop memcmp.0 iteration 1248 file <builtin-library-memcmp> line 25 function memcmp thread 0
Unwinding loop memcmp.0 iteration 1249 file <builtin-library-memcmp> line 25 function memcmp thread 0
Unwinding loop memcmp.0 iteration 1250 file <builtin-library-memcmp> line 25 function memcmp thread 0
Unwinding loop memcmp.0 iteration 1251 file <builtin-library-memcmp> line 25 function memcmp thread 0
Unwinding loop memcmp.0 iteration 1252 file <builtin-library-memcmp> line 25 function memcmp thread 0
Unwinding loop memcmp.0 iteration 1253 file <builtin-library-memcmp> line 25 function memcmp thread 0
Unwinding loop memcmp.0 iteration 1254 file <builtin-library-memcmp> line 25 function memcmp thread 0
Unwinding loop memcmp.0 iteration 1255 file <builtin-library-memcmp> line 25 function memcmp thread 0
Unwinding loop memcmp.0 iteration 1256 file <builtin-library-memcmp> line 25 function memcmp thread 0
Unwinding loop memcmp.0 iteration 1257 file <builtin-library-memcmp> line 25 function memcmp thread 0
Unwinding loop memcmp.0 iteration 1258 file <builtin-library-memcmp> line 25 function memcmp thread 0
Unwinding loop memcmp.0 iteration 1259 file <builtin-library-memcmp> line 25 function memcmp thread 0
Unwinding loop memcmp.0 iteration 1260 file <builtin-library-memcmp> line 25 function memcmp thread 0
Unwinding loop memcmp.0 iteration 1261 file <builtin-library-memcmp> line 25 function memcmp thread 0
Unwinding loop memcmp.0 iteration 1262 file <builtin-library-memcmp> line 25 function memcmp thread 0
Unwinding loop memcmp.0 iteration 1263 file <builtin-library-memcmp> line 25 function memcmp thread 0
Unwinding loop memcmp.0 iteration 1264 file <builtin-library-memcmp> line 25 function memcmp thread 0
Unwinding loop memcmp.0 iteration 1265 file <builtin-library-memcmp> line 25 function memcmp thread 0
Unwinding loop memcmp.0 iteration 1266 file <builtin-library-memcmp> line 25 function memcmp thread 0
Unwinding loop memcmp.0 iteration 1267 file <builtin-library-memcmp> line 25 function memcmp thread 0
Unwinding loop memcmp.0 iteration 1268 file <builtin-library-memcmp> line 25 function memcmp thread 0
Unwinding loop memcmp.0 iteration 1269 file <builtin-library-memcmp> line 25 function memcmp thread 0
Unwinding loop memcmp.0 iteration 1270 file <builtin-library-memcmp> line 25 function memcmp thread 0
Unwinding loop memcmp.0 iteration 1271 file <builtin-library-memcmp> line 25 function memcmp thread 0
Unwinding loop memcmp.0 iteration 1272 file <builtin-library-memcmp> line 25 function memcmp thread 0
Unwinding loop memcmp.0 iteration 1273 file <builtin-library-memcmp> line 25 function memcmp thread 0
Unwinding loop memcmp.0 iteration 1274 file <builtin-library-memcmp> line 25 function memcmp thread 0
Unwinding loop memcmp.0 iteration 1275 file <builtin-library-memcmp> line 25 function memcmp thread 0
Unwinding loop memcmp.0 iteration 1276 file <builtin-library-memcmp> line 25 function memcmp thread 0
Unwinding loop memcmp.0 iteration 1277 file <builtin-library-memcmp> line 25 function memcmp thread 0
Unwinding loop memcmp.0 iteration 1278 file <builtin-library-memcmp> line 25 function memcmp thread 0
Unwinding loop memcmp.0 iteration 1279 file <builtin-library-memcmp> line 25 function memcmp thread 0
Unwinding loop memcmp.0 iteration 1280 file <builtin-library-memcmp> line 25 function memcmp thread 0
Unwinding loop memcmp.0 iteration 1281 file <builtin-library-memcmp> line 25 function memcmp thread 0
Unwinding loop memcmp.0 iteration 1282 file <builtin-library-memcmp> line 25 function memcmp thread 0
Unwinding loop memcmp.0 iteration 1283 file <builtin-library-memcmp> line 25 function memcmp thread 0
Unwinding loop memcmp.0 iteration 1284 file <builtin-library-memcmp> line 25 function memcmp thread 0
Unwinding loop memcmp.0 iteration 1285 file <builtin-library-memcmp> line 25 function memcmp thread 0
Unwinding loop memcmp.0 iteration 1286 file <builtin-library-memcmp> line 25 function memcmp thread 0
Unwinding loop memcmp.0 iteration 1287 file <builtin-library-memcmp> line 25 function memcmp thread 0
Unwinding loop memcmp.0 iteration 1288 file <builtin-library-memcmp> line 25 function memcmp thread 0
Unwinding loop memcmp.0 iteration 1289 file <builtin-library-memcmp> line 25 function memcmp thread 0
Unwinding loop memcmp.0 iteration 1290 file <builtin-library-memcmp> line 25 function memcmp thread 0
Unwinding loop memcmp.0 iteration 1291 file <builtin-library-memcmp> line 25 function memcmp thread 0
Unwinding loop memcmp.0 iteration 1292 file <builtin-library-memcmp> line 25 function memcmp thread 0
Unwinding loop memcmp.0 iteration 1293 file <builtin-library-memcmp> line 25 function memcmp thread 0
Unwinding loop memcmp.0 iteration 1294 file <builtin-library-memcmp> line 25 function memcmp thread 0
Unwinding loop memcmp.0 iteration 1295 file <builtin-library-memcmp> line 25 function memcmp thread 0
Unwinding loop memcmp.0 iteration 1296 file <builtin-library-memcmp> line 25 function memcmp thread 0
Unwinding loop memcmp.0 iteration 1297 file <builtin-library-memcmp> line 25 function memcmp thread 0
Unwinding loop memcmp.0 iteration 1298 file <builtin-library-memcmp> line 25 function memcmp thread 0
Unwinding loop memcmp.0 iteration 1299 file <builtin-library-memcmp> line 25 function memcmp thread 0
Unwinding loop memcmp.0 iteration 1300 file <builtin-library-memcmp> line 25 function memcmp thread 0
Unwinding loop memcmp.0 iteration 1301 file <builtin-library-memcmp> line 25 function memcmp thread 0
Unwinding loop memcmp.0 iteration 1302 file <builtin-library-memcmp> line 25 function memcmp thread 0
Unwinding loop memcmp.0 iteration 1303 file <builtin-library-memcmp> line 25 function memcmp thread 0
Unwinding loop memcmp.0 iteration 1304 file <builtin-library-memcmp> line 25 function memcmp thread 0
Unwinding loop memcmp.0 iteration 1305 file <builtin-library-memcmp> line 25 function memcmp thread 0
Unwinding loop memcmp.0 iteration 1306 file <builtin-library-memcmp> line 25 function memcmp thread 0
Unwinding loop memcmp.0 iteration 1307 file <builtin-library-memcmp> line 25 function memcmp thread 0
Unwinding loop memcmp.0 iteration 1308 file <builtin-library-memcmp> line 25 function memcmp thread 0
Unwinding loop memcmp.0 iteration 1309 file <builtin-library-memcmp> line 25 function memcmp thread 0
Unwinding loop memcmp.0 iteration 1310 file <builtin-library-memcmp> line 25 function memcmp thread 0
Unwinding loop memcmp.0 iteration 1311 file <builtin-library-memcmp> line 25 function memcmp thread 0
Unwinding loop memcmp.0 iteration 1312 file <builtin-library-memcmp> line 25 function memcmp thread 0
Unwinding loop memcmp.0 iteration 1313 file <builtin-library-memcmp> line 25 function memcmp thread 0
Unwinding loop memcmp.0 iteration 1314 file <builtin-library-memcmp> line 25 function memcmp thread 0
Unwinding loop memcmp.0 iteration 1315 file <builtin-library-memcmp> line 25 function memcmp thread 0
Unwinding loop memcmp.0 iteration 1316 file <builtin-library-memcmp> line 25 function memcmp thread 0
Unwinding loop memcmp.0 iteration 1317 file <builtin-library-memcmp> line 25 function memcmp thread 0
Unwinding loop memcmp.0 iteration 1318 file <builtin-library-memcmp> line 25 function memcmp thread 0
Unwinding loop memcmp.0 iteration 1319 file <builtin-library-memcmp> line 25 function memcmp thread 0
Unwinding loop memcmp.0 iteration 1320 file <builtin-library-memcmp> line 25 function memcmp thread 0
Unwinding loop memcmp.0 iteration 1321 file <builtin-library-memcmp> line 25 function memcmp thread 0
Unwinding loop memcmp.0 iteration 1322 file <builtin-library-memcmp> line 25 function memcmp thread 0
Unwinding loop memcmp.0 iteration 1323 file <builtin-library-memcmp> line 25 function memcmp thread 0
Unwinding loop memcmp.0 iteration 1324 file <builtin-library-memcmp> line 25 function memcmp thread 0
Unwinding loop memcmp.0 iteration 1325 file <builtin-library-memcmp> line 25 function memcmp thread 0
Unwinding loop memcmp.0 iteration 1326 file <builtin-library-memcmp> line 25 function memcmp thread 0
Unwinding loop memcmp.0 iteration 1327 file <builtin-library-memcmp> line 25 function memcmp thread 0
Unwinding loop memcmp.0 iteration 1328 file <builtin-library-memcmp> line 25 function memcmp thread 0
Unwinding loop memcmp.0 iteration 1329 file <builtin-library-memcmp> line 25 function memcmp thread 0
Unwinding loop memcmp.0 iteration 1330 file <builtin-library-memcmp> line 25 function memcmp thread 0
Unwinding loop memcmp.0 iteration 1331 file <builtin-library-memcmp> line 25 function memcmp thread 0
Unwinding loop memcmp.0 iteration 1332 file <builtin-library-memcmp> line 25 function memcmp thread 0
Unwinding loop memcmp.0 iteration 1333 file <builtin-library-memcmp> line 25 function memcmp thread 0
Unwinding loop memcmp.0 iteration 1334 file <builtin-library-memcmp> line 25 function memcmp thread 0
Unwinding loop memcmp.0 iteration 1335 file <builtin-library-memcmp> line 25 function memcmp thread 0
Unwinding loop memcmp.0 iteration 1336 file <builtin-library-memcmp> line 25 function memcmp thread 0
Unwinding loop memcmp.0 iteration 1337 file <builtin-library-memcmp> line 25 function memcmp thread 0
Unwinding loop memcmp.0 iteration 1338 file <builtin-library-memcmp> line 25 function memcmp thread 0
Unwinding loop memcmp.0 iteration 1339 file <builtin-library-memcmp> line 25 function memcmp thread 0
Unwinding loop memcmp.0 iteration 1340 file <builtin-library-memcmp> line 25 function memcmp thread 0
Unwinding loop memcmp.0 iteration 1341 file <builtin-library-memcmp> line 25 function memcmp thread 0
Unwinding loop memcmp.0 iteration 1342 file <builtin-library-memcmp> line 25 function memcmp thread 0
Unwinding loop memcmp.0 iteration 1343 file <builtin-library-memcmp> line 25 function memcmp thread 0
Unwinding loop memcmp.0 iteration 1344 file <builtin-library-memcmp> line 25 function memcmp thread 0
Unwinding loop memcmp.0 iteration 1345 file <builtin-library-memcmp> line 25 function memcmp thread 0
Unwinding loop memcmp.0 iteration 1346 file <builtin-library-memcmp> line 25 function memcmp thread 0
Unwinding loop memcmp.0 iteration 1347 file <builtin-library-memcmp> line 25 function memcmp thread 0
Unwinding loop memcmp.0 iteration 1348 file <builtin-library-memcmp> line 25 function memcmp thread 0
Unwinding loop memcmp.0 iteration 1349 file <builtin-library-memcmp> line 25 function memcmp thread 0
Unwinding loop memcmp.0 iteration 1350 file <builtin-library-memcmp> line 25 function memcmp thread 0
Unwinding loop memcmp.0 iteration 1351 file <builtin-library-memcmp> line 25 function memcmp thread 0
Unwinding loop memcmp.0 iteration 1352 file <builtin-library-memcmp> line 25 function memcmp thread 0
Unwinding loop memcmp.0 iteration 1353 file <builtin-library-memcmp> line 25 function memcmp thread 0
Unwinding loop memcmp.0 iteration 1354 file <builtin-library-memcmp> line 25 function memcmp thread 0
Unwinding loop memcmp.0 iteration 1355 file <builtin-library-memcmp> line 25 function memcmp thread 0
Unwinding loop memcmp.0 iteration 1356 file <builtin-library-memcmp> line 25 function memcmp thread 0
Unwinding loop memcmp.0 iteration 1357 file <builtin-library-memcmp> line 25 function memcmp thread 0
Unwinding loop memcmp.0 iteration 1358 file <builtin-library-memcmp> line 25 function memcmp thread 0
Unwinding loop memcmp.0 iteration 1359 file <builtin-library-memcmp> line 25 function memcmp thread 0
Unwinding loop memcmp.0 iteration 1360 file <builtin-library-memcmp> line 25 function memcmp thread 0
Unwinding loop memcmp.0 iteration 1361 file <builtin-library-memcmp> line 25 function memcmp thread 0
Unwinding loop memcmp.0 iteration 1362 file <builtin-library-memcmp> line 25 function memcmp thread 0
Unwinding loop memcmp.0 iteration 1363 file <builtin-library-memcmp> line 25 function memcmp thread 0
Unwinding loop memcmp.0 iteration 1364 file <builtin-library-memcmp> line 25 function memcmp thread 0
Unwinding loop memcmp.0 iteration 1365 file <builtin-library-memcmp> line 25 function memcmp thread 0
Unwinding loop memcmp.0 iteration 1366 file <builtin-library-memcmp> line 25 function memcmp thread 0
Unwinding loop memcmp.0 iteration 1367 file <builtin-library-memcmp> line 25 function memcmp thread 0
Unwinding loop memcmp.0 iteration 1368 file <builtin-library-memcmp> line 25 function memcmp thread 0
Unwinding loop memcmp.0 iteration 1369 file <builtin-library-memcmp> line 25 function memcmp thread 0
Unwinding loop memcmp.0 iteration 1370 file <builtin-library-memcmp> line 25 function memcmp thread 0
Unwinding loop memcmp.0 iteration 1371 file <builtin-library-memcmp> line 25 function memcmp thread 0
Unwinding loop memcmp.0 iteration 1372 file <builtin-library-memcmp> line 25 function memcmp thread 0
Unwinding loop memcmp.0 iteration 1373 file <builtin-library-memcmp> line 25 function memcmp thread 0
Unwinding loop memcmp.0 iteration 1374 file <builtin-library-memcmp> line 25 function memcmp thread 0
Unwinding loop memcmp.0 iteration 1375 file <builtin-library-memcmp> line 25 function memcmp thread 0
Unwinding loop memcmp.0 iteration 1376 file <builtin-library-memcmp> line 25 function memcmp thread 0
Unwinding loop memcmp.0 iteration 1377 file <builtin-library-memcmp> line 25 function memcmp thread 0
Unwinding loop memcmp.0 iteration 1378 file <builtin-library-memcmp> line 25 function memcmp thread 0
Unwinding loop memcmp.0 iteration 1379 file <builtin-library-memcmp> line 25 function memcmp thread 0
Unwinding loop memcmp.0 iteration 1380 file <builtin-library-memcmp> line 25 function memcmp thread 0
Unwinding loop memcmp.0 iteration 1381 file <builtin-library-memcmp> line 25 function memcmp thread 0
Unwinding loop memcmp.0 iteration 1382 file <builtin-library-memcmp> line 25 function memcmp thread 0
Unwinding loop memcmp.0 iteration 1383 file <builtin-library-memcmp> line 25 function memcmp thread 0
Unwinding loop memcmp.0 iteration 1384 file <builtin-library-memcmp> line 25 function memcmp thread 0
Unwinding loop memcmp.0 iteration 1385 file <builtin-library-memcmp> line 25 function memcmp thread 0
Unwinding loop memcmp.0 iteration 1386 file <builtin-library-memcmp> line 25 function memcmp thread 0
Unwinding loop memcmp.0 iteration 1387 file <builtin-library-memcmp> line 25 function memcmp thread 0
Unwinding loop memcmp.0 iteration 1388 file <builtin-library-memcmp> line 25 function memcmp thread 0
Unwinding loop memcmp.0 iteration 1389 file <builtin-library-memcmp> line 25 function memcmp thread 0
Unwinding loop memcmp.0 iteration 1390 file <builtin-library-memcmp> line 25 function memcmp thread 0
Unwinding loop memcmp.0 iteration 1391 file <builtin-library-memcmp> line 25 function memcmp thread 0
Unwinding loop memcmp.0 iteration 1392 file <builtin-library-memcmp> line 25 function memcmp thread 0
Unwinding loop memcmp.0 iteration 1393 file <builtin-library-memcmp> line 25 function memcmp thread 0
Unwinding loop memcmp.0 iteration 1394 file <builtin-library-memcmp> line 25 function memcmp thread 0
Unwinding loop memcmp.0 iteration 1395 file <builtin-library-memcmp> line 25 function memcmp thread 0
Unwinding loop memcmp.0 iteration 1396 file <builtin-library-memcmp> line 25 function memcmp thread 0
Unwinding loop memcmp.0 iteration 1397 file <builtin-library-memcmp> line 25 function memcmp thread 0
Unwinding loop memcmp.0 iteration 1398 file <builtin-library-memcmp> line 25 function memcmp thread 0
Unwinding loop memcmp.0 iteration 1399 file <builtin-library-memcmp> line 25 function memcmp thread 0
Unwinding loop memcmp.0 iteration 1400 file <builtin-library-memcmp> line 25 function memcmp thread 0
Unwinding loop memcmp.0 iteration 1401 file <builtin-library-memcmp> line 25 function memcmp thread 0
Unwinding loop memcmp.0 iteration 1402 file <builtin-library-memcmp> line 25 function memcmp thread 0
Unwinding loop memcmp.0 iteration 1403 file <builtin-library-memcmp> line 25 function memcmp thread 0
Unwinding loop memcmp.0 iteration 1404 file <builtin-library-memcmp> line 25 function memcmp thread 0
Unwinding loop memcmp.0 iteration 1405 file <builtin-library-memcmp> line 25 function memcmp thread 0
Unwinding loop memcmp.0 iteration 1406 file <builtin-library-memcmp> line 25 function memcmp thread 0
Unwinding loop memcmp.0 iteration 1407 file <builtin-library-memcmp> line 25 function memcmp thread 0
Unwinding loop memcmp.0 iteration 1408 file <builtin-library-memcmp> line 25 function memcmp thread 0
Unwinding loop memcmp.0 iteration 1409 file <builtin-library-memcmp> line 25 function memcmp thread 0
Unwinding loop memcmp.0 iteration 1410 file <builtin-library-memcmp> line 25 function memcmp thread 0
Unwinding loop memcmp.0 iteration 1411 file <builtin-library-memcmp> line 25 function memcmp thread 0
Unwinding loop memcmp.0 iteration 1412 file <builtin-library-memcmp> line 25 function memcmp thread 0
Unwinding loop memcmp.0 iteration 1413 file <builtin-library-memcmp> line 25 function memcmp thread 0
Unwinding loop memcmp.0 iteration 1414 file <builtin-library-memcmp> line 25 function memcmp thread 0
Unwinding loop memcmp.0 iteration 1415 file <builtin-library-memcmp> line 25 function memcmp thread 0
Unwinding loop memcmp.0 iteration 1416 file <builtin-library-memcmp> line 25 function memcmp thread 0
Unwinding loop memcmp.0 iteration 1417 file <builtin-library-memcmp> line 25 function memcmp thread 0
Unwinding loop memcmp.0 iteration 1418 file <builtin-library-memcmp> line 25 function memcmp thread 0
Unwinding loop memcmp.0 iteration 1419 file <builtin-library-memcmp> line 25 function memcmp thread 0
Unwinding loop memcmp.0 iteration 1420 file <builtin-library-memcmp> line 25 function memcmp thread 0
Unwinding loop memcmp.0 iteration 1421 file <builtin-library-memcmp> line 25 function memcmp thread 0
Unwinding loop memcmp.0 iteration 1422 file <builtin-library-memcmp> line 25 function memcmp thread 0
Unwinding loop memcmp.0 iteration 1423 file <builtin-library-memcmp> line 25 function memcmp thread 0
Unwinding loop memcmp.0 iteration 1424 file <builtin-library-memcmp> line 25 function memcmp thread 0
Unwinding loop memcmp.0 iteration 1425 file <builtin-library-memcmp> line 25 function memcmp thread 0
Unwinding loop memcmp.0 iteration 1426 file <builtin-library-memcmp> line 25 function memcmp thread 0
Unwinding loop memcmp.0 iteration 1427 file <builtin-library-memcmp> line 25 function memcmp thread 0
Unwinding loop memcmp.0 iteration 1428 file <builtin-library-memcmp> line 25 function memcmp thread 0
Unwinding loop memcmp.0 iteration 1429 file <builtin-library-memcmp> line 25 function memcmp thread 0
Unwinding loop memcmp.0 iteration 1430 file <builtin-library-memcmp> line 25 function memcmp thread 0
Unwinding loop memcmp.0 iteration 1431 file <builtin-library-memcmp> line 25 function memcmp thread 0
Unwinding loop memcmp.0 iteration 1432 file <builtin-library-memcmp> line 25 function memcmp thread 0
Unwinding loop memcmp.0 iteration 1433 file <builtin-library-memcmp> line 25 function memcmp thread 0
Unwinding loop memcmp.0 iteration 1434 file <builtin-library-memcmp> line 25 function memcmp thread 0
Unwinding loop memcmp.0 iteration 1435 file <builtin-library-memcmp> line 25 function memcmp thread 0
Unwinding loop memcmp.0 iteration 1436 file <builtin-library-memcmp> line 25 function memcmp thread 0
Unwinding loop memcmp.0 iteration 1437 file <builtin-library-memcmp> line 25 function memcmp thread 0
Unwinding loop memcmp.0 iteration 1438 file <builtin-library-memcmp> line 25 function memcmp thread 0
Unwinding loop memcmp.0 iteration 1439 file <builtin-library-memcmp> line 25 function memcmp thread 0
Unwinding loop memcmp.0 iteration 1440 file <builtin-library-memcmp> line 25 function memcmp thread 0
Unwinding loop memcmp.0 iteration 1441 file <builtin-library-memcmp> line 25 function memcmp thread 0
Unwinding loop memcmp.0 iteration 1442 file <builtin-library-memcmp> line 25 function memcmp thread 0
Unwinding loop memcmp.0 iteration 1443 file <builtin-library-memcmp> line 25 function memcmp thread 0
Unwinding loop memcmp.0 iteration 1444 file <builtin-library-memcmp> line 25 function memcmp thread 0
Unwinding loop memcmp.0 iteration 1445 file <builtin-library-memcmp> line 25 function memcmp thread 0
Unwinding loop memcmp.0 iteration 1446 file <builtin-library-memcmp> line 25 function memcmp thread 0
Unwinding loop memcmp.0 iteration 1447 file <builtin-library-memcmp> line 25 function memcmp thread 0
Unwinding loop memcmp.0 iteration 1448 file <builtin-library-memcmp> line 25 function memcmp thread 0
Unwinding loop memcmp.0 iteration 1449 file <builtin-library-memcmp> line 25 function memcmp thread 0
Unwinding loop memcmp.0 iteration 1450 file <builtin-library-memcmp> line 25 function memcmp thread 0
Unwinding loop memcmp.0 iteration 1451 file <builtin-library-memcmp> line 25 function memcmp thread 0
Unwinding loop memcmp.0 iteration 1452 file <builtin-library-memcmp> line 25 function memcmp thread 0
Unwinding loop memcmp.0 iteration 1453 file <builtin-library-memcmp> line 25 function memcmp thread 0
Unwinding loop memcmp.0 iteration 1454 file <builtin-library-memcmp> line 25 function memcmp thread 0
Unwinding loop memcmp.0 iteration 1455 file <builtin-library-memcmp> line 25 function memcmp thread 0
Unwinding loop memcmp.0 iteration 1456 file <builtin-library-memcmp> line 25 function memcmp thread 0
Unwinding loop memcmp.0 iteration 1457 file <builtin-library-memcmp> line 25 function memcmp thread 0
Unwinding loop memcmp.0 iteration 1458 file <builtin-library-memcmp> line 25 function memcmp thread 0
Unwinding loop memcmp.0 iteration 1459 file <builtin-library-memcmp> line 25 function memcmp thread 0
Unwinding loop memcmp.0 iteration 1460 file <builtin-library-memcmp> line 25 function memcmp thread 0
Unwinding loop memcmp.0 iteration 1461 file <builtin-library-memcmp> line 25 function memcmp thread 0
Unwinding loop memcmp.0 iteration 1462 file <builtin-library-memcmp> line 25 function memcmp thread 0
Unwinding loop memcmp.0 iteration 1463 file <builtin-library-memcmp> line 25 function memcmp thread 0
Unwinding loop memcmp.0 iteration 1464 file <builtin-library-memcmp> line 25 function memcmp thread 0
Unwinding loop memcmp.0 iteration 1465 file <builtin-library-memcmp> line 25 function memcmp thread 0
Unwinding loop memcmp.0 iteration 1466 file <builtin-library-memcmp> line 25 function memcmp thread 0
Unwinding loop memcmp.0 iteration 1467 file <builtin-library-memcmp> line 25 function memcmp thread 0
Unwinding loop memcmp.0 iteration 1468 file <builtin-library-memcmp> line 25 function memcmp thread 0
Unwinding loop memcmp.0 iteration 1469 file <builtin-library-memcmp> line 25 function memcmp thread 0
Unwinding loop memcmp.0 iteration 1470 file <builtin-library-memcmp> line 25 function memcmp thread 0
Unwinding loop memcmp.0 iteration 1471 file <builtin-library-memcmp> line 25 function memcmp thread 0
Unwinding loop memcmp.0 iteration 1472 file <builtin-library-memcmp> line 25 function memcmp thread 0
Unwinding loop memcmp.0 iteration 1473 file <builtin-library-memcmp> line 25 function memcmp thread 0
Unwinding loop memcmp.0 iteration 1474 file <builtin-library-memcmp> line 25 function memcmp thread 0
Unwinding loop memcmp.0 iteration 1475 file <builtin-library-memcmp> line 25 function memcmp thread 0
Unwinding loop memcmp.0 iteration 1476 file <builtin-library-memcmp> line 25 function memcmp thread 0
Unwinding loop memcmp.0 iteration 1477 file <builtin-library-memcmp> line 25 function memcmp thread 0
Unwinding loop memcmp.0 iteration 1478 file <builtin-library-memcmp> line 25 function memcmp thread 0
Unwinding loop memcmp.0 iteration 1479 file <builtin-library-memcmp> line 25 function memcmp thread 0
Unwinding loop memcmp.0 iteration 1480 file <builtin-library-memcmp> line 25 function memcmp thread 0
Unwinding loop memcmp.0 iteration 1481 file <builtin-library-memcmp> line 25 function memcmp thread 0
Unwinding loop memcmp.0 iteration 1482 file <builtin-library-memcmp> line 25 function memcmp thread 0
Unwinding loop memcmp.0 iteration 1483 file <builtin-library-memcmp> line 25 function memcmp thread 0
Unwinding loop memcmp.0 iteration 1484 file <builtin-library-memcmp> line 25 function memcmp thread 0
Unwinding loop memcmp.0 iteration 1485 file <builtin-library-memcmp> line 25 function memcmp thread 0
Unwinding loop memcmp.0 iteration 1486 file <builtin-library-memcmp> line 25 function memcmp thread 0
Unwinding loop memcmp.0 iteration 1487 file <builtin-library-memcmp> line 25 function memcmp thread 0
Unwinding loop memcmp.0 iteration 1488 file <builtin-library-memcmp> line 25 function memcmp thread 0
Unwinding loop memcmp.0 iteration 1489 file <builtin-library-memcmp> line 25 function memcmp thread 0
Unwinding loop memcmp.0 iteration 1490 file <builtin-library-memcmp> line 25 function memcmp thread 0
Unwinding loop memcmp.0 iteration 1491 file <builtin-library-memcmp> line 25 function memcmp thread 0
Unwinding loop memcmp.0 iteration 1492 file <builtin-library-memcmp> line 25 function memcmp thread 0
Unwinding loop memcmp.0 iteration 1493 file <builtin-library-memcmp> line 25 function memcmp thread 0
Unwinding loop memcmp.0 iteration 1494 file <builtin-library-memcmp> line 25 function memcmp thread 0
Unwinding loop memcmp.0 iteration 1495 file <builtin-library-memcmp> line 25 function memcmp thread 0
Unwinding loop memcmp.0 iteration 1496 file <builtin-library-memcmp> line 25 function memcmp thread 0
Unwinding loop memcmp.0 iteration 1497 file <builtin-library-memcmp> line 25 function memcmp thread 0
Unwinding loop memcmp.0 iteration 1498 file <builtin-library-memcmp> line 25 function memcmp thread 0
Unwinding loop memcmp.0 iteration 1499 file <builtin-library-memcmp> line 25 function memcmp thread 0
Unwinding loop memcmp.0 iteration 1500 file <builtin-library-memcmp> line 25 function memcmp thread 0
Unwinding loop memcmp.0 iteration 1501 file <builtin-library-memcmp> line 25 function memcmp thread 0
Unwinding loop memcmp.0 iteration 1502 file <builtin-library-memcmp> line 25 function memcmp thread 0
Unwinding loop memcmp.0 iteration 1503 file <builtin-library-memcmp> line 25 function memcmp thread 0
Unwinding loop memcmp.0 iteration 1504 file <builtin-library-memcmp> line 25 function memcmp thread 0
Unwinding loop memcmp.0 iteration 1505 file <builtin-library-memcmp> line 25 function memcmp thread 0
Unwinding loop memcmp.0 iteration 1506 file <builtin-library-memcmp> line 25 function memcmp thread 0
Unwinding loop memcmp.0 iteration 1507 file <builtin-library-memcmp> line 25 function memcmp thread 0
Unwinding loop memcmp.0 iteration 1508 file <builtin-library-memcmp> line 25 function memcmp thread 0
Unwinding loop memcmp.0 iteration 1509 file <builtin-library-memcmp> line 25 function memcmp thread 0
Unwinding loop memcmp.0 iteration 1510 file <builtin-library-memcmp> line 25 function memcmp thread 0
Unwinding loop memcmp.0 iteration 1511 file <builtin-library-memcmp> line 25 function memcmp thread 0
Unwinding loop memcmp.0 iteration 1512 file <builtin-library-memcmp> line 25 function memcmp thread 0
Unwinding loop memcmp.0 iteration 1513 file <builtin-library-memcmp> line 25 function memcmp thread 0
Unwinding loop memcmp.0 iteration 1514 file <builtin-library-memcmp> line 25 function memcmp thread 0
Unwinding loop memcmp.0 iteration 1515 file <builtin-library-memcmp> line 25 function memcmp thread 0
Unwinding loop memcmp.0 iteration 1516 file <builtin-library-memcmp> line 25 function memcmp thread 0
Unwinding loop memcmp.0 iteration 1517 file <builtin-library-memcmp> line 25 function memcmp thread 0
Unwinding loop memcmp.0 iteration 1518 file <builtin-library-memcmp> line 25 function memcmp thread 0
Unwinding loop memcmp.0 iteration 1519 file <builtin-library-memcmp> line 25 function memcmp thread 0
Unwinding loop memcmp.0 iteration 1520 file <builtin-library-memcmp> line 25 function memcmp thread 0
Unwinding loop memcmp.0 iteration 1521 file <builtin-library-memcmp> line 25 function memcmp thread 0
Unwinding loop memcmp.0 iteration 1522 file <builtin-library-memcmp> line 25 function memcmp thread 0
Unwinding loop memcmp.0 iteration 1523 file <builtin-library-memcmp> line 25 function memcmp thread 0
Unwinding loop memcmp.0 iteration 1524 file <builtin-library-memcmp> line 25 function memcmp thread 0
Unwinding loop memcmp.0 iteration 1525 file <builtin-library-memcmp> line 25 function memcmp thread 0
Unwinding loop memcmp.0 iteration 1526 file <builtin-library-memcmp> line 25 function memcmp thread 0
Unwinding loop memcmp.0 iteration 1527 file <builtin-library-memcmp> line 25 function memcmp thread 0
Unwinding loop memcmp.0 iteration 1528 file <builtin-library-memcmp> line 25 function memcmp thread 0
Unwinding loop memcmp.0 iteration 1529 file <builtin-library-memcmp> line 25 function memcmp thread 0
Unwinding loop memcmp.0 iteration 1530 file <builtin-library-memcmp> line 25 function memcmp thread 0
Unwinding loop memcmp.0 iteration 1531 file <builtin-library-memcmp> line 25 function memcmp thread 0
Unwinding loop memcmp.0 iteration 1532 file <builtin-library-memcmp> line 25 function memcmp thread 0
Unwinding loop memcmp.0 iteration 1533 file <builtin-library-memcmp> line 25 function memcmp thread 0
Unwinding loop memcmp.0 iteration 1534 file <builtin-library-memcmp> line 25 function memcmp thread 0
Unwinding loop memcmp.0 iteration 1535 file <builtin-library-memcmp> line 25 function memcmp thread 0
Unwinding loop memcmp.0 iteration 1536 file <builtin-library-memcmp> line 25 function memcmp thread 0
Unwinding loop memcmp.0 iteration 1537 file <builtin-library-memcmp> line 25 function memcmp thread 0
Unwinding loop memcmp.0 iteration 1538 file <builtin-library-memcmp> line 25 function memcmp thread 0
Unwinding loop memcmp.0 iteration 1539 file <builtin-library-memcmp> line 25 function memcmp thread 0
Unwinding loop memcmp.0 iteration 1540 file <builtin-library-memcmp> line 25 function memcmp thread 0
Unwinding loop memcmp.0 iteration 1541 file <builtin-library-memcmp> line 25 function memcmp thread 0
Unwinding loop memcmp.0 iteration 1542 file <builtin-library-memcmp> line 25 function memcmp thread 0
Unwinding loop memcmp.0 iteration 1543 file <builtin-library-memcmp> line 25 function memcmp thread 0
Unwinding loop memcmp.0 iteration 1544 file <builtin-library-memcmp> line 25 function memcmp thread 0
Unwinding loop memcmp.0 iteration 1545 file <builtin-library-memcmp> line 25 function memcmp thread 0
Unwinding loop memcmp.0 iteration 1546 file <builtin-library-memcmp> line 25 function memcmp thread 0
Unwinding loop memcmp.0 iteration 1547 file <builtin-library-memcmp> line 25 function memcmp thread 0
Unwinding loop memcmp.0 iteration 1548 file <builtin-library-memcmp> line 25 function memcmp thread 0
Unwinding loop memcmp.0 iteration 1549 file <builtin-library-memcmp> line 25 function memcmp thread 0
Unwinding loop memcmp.0 iteration 1550 file <builtin-library-memcmp> line 25 function memcmp thread 0
Unwinding loop memcmp.0 iteration 1551 file <builtin-library-memcmp> line 25 function memcmp thread 0
Unwinding loop memcmp.0 iteration 1552 file <builtin-library-memcmp> line 25 function memcmp thread 0
Unwinding loop memcmp.0 iteration 1553 file <builtin-library-memcmp> line 25 function memcmp thread 0
Unwinding loop memcmp.0 iteration 1554 file <builtin-library-memcmp> line 25 function memcmp thread 0
Unwinding loop memcmp.0 iteration 1555 file <builtin-library-memcmp> line 25 function memcmp thread 0
Unwinding loop memcmp.0 iteration 1556 file <builtin-library-memcmp> line 25 function memcmp thread 0
Unwinding loop memcmp.0 iteration 1557 file <builtin-library-memcmp> line 25 function memcmp thread 0
Unwinding loop memcmp.0 iteration 1558 file <builtin-library-memcmp> line 25 function memcmp thread 0
Unwinding loop memcmp.0 iteration 1559 file <builtin-library-memcmp> line 25 function memcmp thread 0
Unwinding loop memcmp.0 iteration 1560 file <builtin-library-memcmp> line 25 function memcmp thread 0
Unwinding loop memcmp.0 iteration 1561 file <builtin-library-memcmp> line 25 function memcmp thread 0
Unwinding loop memcmp.0 iteration 1562 file <builtin-library-memcmp> line 25 function memcmp thread 0
Unwinding loop memcmp.0 iteration 1563 file <builtin-library-memcmp> line 25 function memcmp thread 0
Unwinding loop memcmp.0 iteration 1564 file <builtin-library-memcmp> line 25 function memcmp thread 0
Unwinding loop memcmp.0 iteration 1565 file <builtin-library-memcmp> line 25 function memcmp thread 0
Unwinding loop memcmp.0 iteration 1566 file <builtin-library-memcmp> line 25 function memcmp thread 0
Unwinding loop memcmp.0 iteration 1567 file <builtin-library-memcmp> line 25 function memcmp thread 0
Unwinding loop memcmp.0 iteration 1568 file <builtin-library-memcmp> line 25 function memcmp thread 0
Unwinding loop memcmp.0 iteration 1569 file <builtin-library-memcmp> line 25 function memcmp thread 0
Unwinding loop memcmp.0 iteration 1570 file <builtin-library-memcmp> line 25 function memcmp thread 0
Unwinding loop memcmp.0 iteration 1571 file <builtin-library-memcmp> line 25 function memcmp thread 0
Unwinding loop memcmp.0 iteration 1572 file <builtin-library-memcmp> line 25 function memcmp thread 0
Unwinding loop memcmp.0 iteration 1573 file <builtin-library-memcmp> line 25 function memcmp thread 0
Unwinding loop memcmp.0 iteration 1574 file <builtin-library-memcmp> line 25 function memcmp thread 0
Unwinding loop memcmp.0 iteration 1575 file <builtin-library-memcmp> line 25 function memcmp thread 0
Unwinding loop memcmp.0 iteration 1576 file <builtin-library-memcmp> line 25 function memcmp thread 0
Unwinding loop memcmp.0 iteration 1577 file <builtin-library-memcmp> line 25 function memcmp thread 0
Unwinding loop memcmp.0 iteration 1578 file <builtin-library-memcmp> line 25 function memcmp thread 0
Unwinding loop memcmp.0 iteration 1579 file <builtin-library-memcmp> line 25 function memcmp thread 0
Unwinding loop memcmp.0 iteration 1580 file <builtin-library-memcmp> line 25 function memcmp thread 0
Unwinding loop memcmp.0 iteration 1581 file <builtin-library-memcmp> line 25 function memcmp thread 0
Unwinding loop memcmp.0 iteration 1582 file <builtin-library-memcmp> line 25 function memcmp thread 0
Unwinding loop memcmp.0 iteration 1583 file <builtin-library-memcmp> line 25 function memcmp thread 0
Unwinding loop memcmp.0 iteration 1584 file <builtin-library-memcmp> line 25 function memcmp thread 0
Unwinding loop memcmp.0 iteration 1585 file <builtin-library-memcmp> line 25 function memcmp thread 0
Unwinding loop memcmp.0 iteration 1586 file <builtin-library-memcmp> line 25 function memcmp thread 0
Unwinding loop memcmp.0 iteration 1587 file <builtin-library-memcmp> line 25 function memcmp thread 0
Unwinding loop memcmp.0 iteration 1588 file <builtin-library-memcmp> line 25 function memcmp thread 0
Unwinding loop memcmp.0 iteration 1589 file <builtin-library-memcmp> line 25 function memcmp thread 0
Unwinding loop memcmp.0 iteration 1590 file <builtin-library-memcmp> line 25 function memcmp thread 0
Unwinding loop memcmp.0 iteration 1591 file <builtin-library-memcmp> line 25 function memcmp thread 0
Unwinding loop memcmp.0 iteration 1592 file <builtin-library-memcmp> line 25 function memcmp thread 0
Unwinding loop memcmp.0 iteration 1593 file <builtin-library-memcmp> line 25 function memcmp thread 0
Unwinding loop memcmp.0 iteration 1594 file <builtin-library-memcmp> line 25 function memcmp thread 0
Unwinding loop memcmp.0 iteration 1595 file <builtin-library-memcmp> line 25 function memcmp thread 0
Unwinding loop memcmp.0 iteration 1596 file <builtin-library-memcmp> line 25 function memcmp thread 0
Unwinding loop memcmp.0 iteration 1597 file <builtin-library-memcmp> line 25 function memcmp thread 0
Unwinding loop memcmp.0 iteration 1598 file <builtin-library-memcmp> line 25 function memcmp thread 0
Unwinding loop memcmp.0 iteration 1599 file <builtin-library-memcmp> line 25 function memcmp thread 0
Unwinding loop memcmp.0 iteration 1600 file <builtin-library-memcmp> line 25 function memcmp thread 0
Unwinding loop memcmp.0 iteration 1601 file <builtin-library-memcmp> line 25 function memcmp thread 0
Unwinding loop memcmp.0 iteration 1602 file <builtin-library-memcmp> line 25 function memcmp thread 0
Unwinding loop memcmp.0 iteration 1603 file <builtin-library-memcmp> line 25 function memcmp thread 0
Unwinding loop memcmp.0 iteration 1604 file <builtin-library-memcmp> line 25 function memcmp thread 0
Unwinding loop memcmp.0 iteration 1605 file <builtin-library-memcmp> line 25 function memcmp thread 0
Unwinding loop memcmp.0 iteration 1606 file <builtin-library-memcmp> line 25 function memcmp thread 0
Unwinding loop memcmp.0 iteration 1607 file <builtin-library-memcmp> line 25 function memcmp thread 0
Unwinding loop memcmp.0 iteration 1608 file <builtin-library-memcmp> line 25 function memcmp thread 0
Unwinding loop memcmp.0 iteration 1609 file <builtin-library-memcmp> line 25 function memcmp thread 0
Unwinding loop memcmp.0 iteration 1610 file <builtin-library-memcmp> line 25 function memcmp thread 0
Unwinding loop memcmp.0 iteration 1611 file <builtin-library-memcmp> line 25 function memcmp thread 0
Unwinding loop memcmp.0 iteration 1612 file <builtin-library-memcmp> line 25 function memcmp thread 0
Unwinding loop memcmp.0 iteration 1613 file <builtin-library-memcmp> line 25 function memcmp thread 0
Unwinding loop memcmp.0 iteration 1614 file <builtin-library-memcmp> line 25 function memcmp thread 0
Unwinding loop memcmp.0 iteration 1615 file <builtin-library-memcmp> line 25 function memcmp thread 0
Unwinding loop memcmp.0 iteration 1616 file <builtin-library-memcmp> line 25 function memcmp thread 0
Unwinding loop memcmp.0 iteration 1617 file <builtin-library-memcmp> line 25 function memcmp thread 0
Unwinding loop memcmp.0 iteration 1618 file <builtin-library-memcmp> line 25 function memcmp thread 0
Unwinding loop memcmp.0 iteration 1619 file <builtin-library-memcmp> line 25 function memcmp thread 0
Unwinding loop memcmp.0 iteration 1620 file <builtin-library-memcmp> line 25 function memcmp thread 0
Unwinding loop memcmp.0 iteration 1621 file <builtin-library-memcmp> line 25 function memcmp thread 0
Unwinding loop memcmp.0 iteration 1622 file <builtin-library-memcmp> line 25 function memcmp thread 0
Unwinding loop memcmp.0 iteration 1623 file <builtin-library-memcmp> line 25 function memcmp thread 0
Unwinding loop memcmp.0 iteration 1624 file <builtin-library-memcmp> line 25 function memcmp thread 0
Unwinding loop memcmp.0 iteration 1625 file <builtin-library-memcmp> line 25 function memcmp thread 0
Unwinding loop memcmp.0 iteration 1626 file <builtin-library-memcmp> line 25 function memcmp thread 0
Unwinding loop memcmp.0 iteration 1627 file <builtin-library-memcmp> line 25 function memcmp thread 0
Unwinding loop memcmp.0 iteration 1628 file <builtin-library-memcmp> line 25 function memcmp thread 0
Unwinding loop memcmp.0 iteration 1629 file <builtin-library-memcmp> line 25 function memcmp thread 0
Unwinding loop memcmp.0 iteration 1630 file <builtin-library-memcmp> line 25 function memcmp thread 0
Unwinding loop memcmp.0 iteration 1631 file <builtin-library-memcmp> line 25 function memcmp thread 0
Unwinding loop memcmp.0 iteration 1632 file <builtin-library-memcmp> line 25 function memcmp thread 0
Unwinding loop memcmp.0 iteration 1633 file <builtin-library-memcmp> line 25 function memcmp thread 0
Unwinding loop memcmp.0 iteration 1634 file <builtin-library-memcmp> line 25 function memcmp thread 0
Unwinding loop memcmp.0 iteration 1635 file <builtin-library-memcmp> line 25 function memcmp thread 0
Unwinding loop memcmp.0 iteration 1636 file <builtin-library-memcmp> line 25 function memcmp thread 0
Unwinding loop memcmp.0 iteration 1637 file <builtin-library-memcmp> line 25 function memcmp thread 0
Unwinding loop memcmp.0 iteration 1638 file <builtin-library-memcmp> line 25 function memcmp thread 0
Unwinding loop memcmp.0 iteration 1639 file <builtin-library-memcmp> line 25 function memcmp thread 0
Unwinding loop memcmp.0 iteration 1640 file <builtin-library-memcmp> line 25 function memcmp thread 0
Unwinding loop memcmp.0 iteration 1641 file <builtin-library-memcmp> line 25 function memcmp thread 0
Unwinding loop memcmp.0 iteration 1642 file <builtin-library-memcmp> line 25 function memcmp thread 0
Unwinding loop memcmp.0 iteration 1643 file <builtin-library-memcmp> line 25 function memcmp thread 0
Unwinding loop memcmp.0 iteration 1644 file <builtin-library-memcmp> line 25 function memcmp thread 0
Unwinding loop memcmp.0 iteration 1645 file <builtin-library-memcmp> line 25 function memcmp thread 0
Unwinding loop memcmp.0 iteration 1646 file <builtin-library-memcmp> line 25 function memcmp thread 0
Unwinding loop memcmp.0 iteration 1647 file <builtin-library-memcmp> line 25 function memcmp thread 0
Unwinding loop memcmp.0 iteration 1648 file <builtin-library-memcmp> line 25 function memcmp thread 0
Unwinding loop memcmp.0 iteration 1649 file <builtin-library-memcmp> line 25 function memcmp thread 0
Unwinding loop memcmp.0 iteration 1650 file <builtin-library-memcmp> line 25 function memcmp thread 0
Unwinding loop memcmp.0 iteration 1651 file <builtin-library-memcmp> line 25 function memcmp thread 0
Unwinding loop memcmp.0 iteration 1652 file <builtin-library-memcmp> line 25 function memcmp thread 0
Unwinding loop memcmp.0 iteration 1653 file <builtin-library-memcmp> line 25 function memcmp thread 0
Unwinding loop memcmp.0 iteration 1654 file <builtin-library-memcmp> line 25 function memcmp thread 0
Unwinding loop memcmp.0 iteration 1655 file <builtin-library-memcmp> line 25 function memcmp thread 0
Unwinding loop memcmp.0 iteration 1656 file <builtin-library-memcmp> line 25 function memcmp thread 0
Unwinding loop memcmp.0 iteration 1657 file <builtin-library-memcmp> line 25 function memcmp thread 0
Unwinding loop memcmp.0 iteration 1658 file <builtin-library-memcmp> line 25 function memcmp thread 0
Unwinding loop memcmp.0 iteration 1659 file <builtin-library-memcmp> line 25 function memcmp thread 0
Unwinding loop memcmp.0 iteration 1660 file <builtin-library-memcmp> line 25 function memcmp thread 0
Unwinding loop memcmp.0 iteration 1661 file <builtin-library-memcmp> line 25 function memcmp thread 0
Unwinding loop memcmp.0 iteration 1662 file <builtin-library-memcmp> line 25 function memcmp thread 0
Unwinding loop memcmp.0 iteration 1663 file <builtin-library-memcmp> line 25 function memcmp thread 0
Unwinding loop memcmp.0 iteration 1664 file <builtin-library-memcmp> line 25 function memcmp thread 0
Unwinding loop memcmp.0 iteration 1665 file <builtin-library-memcmp> line 25 function memcmp thread 0
Unwinding loop memcmp.0 iteration 1666 file <builtin-library-memcmp> line 25 function memcmp thread 0
Unwinding loop memcmp.0 iteration 1667 file <builtin-library-memcmp> line 25 function memcmp thread 0
Unwinding loop memcmp.0 iteration 1668 file <builtin-library-memcmp> line 25 function memcmp thread 0
Unwinding loop memcmp.0 iteration 1669 file <builtin-library-memcmp> line 25 function memcmp thread 0
Unwinding loop memcmp.0 iteration 1670 file <builtin-library-memcmp> line 25 function memcmp thread 0
Unwinding loop memcmp.0 iteration 1671 file <builtin-library-memcmp> line 25 function memcmp thread 0
Unwinding loop memcmp.0 iteration 1672 file <builtin-library-memcmp> line 25 function memcmp thread 0
Unwinding loop memcmp.0 iteration 1673 file <builtin-library-memcmp> line 25 function memcmp thread 0
Unwinding loop memcmp.0 iteration 1674 file <builtin-library-memcmp> line 25 function memcmp thread 0
Unwinding loop memcmp.0 iteration 1675 file <builtin-library-memcmp> line 25 function memcmp thread 0
Unwinding loop memcmp.0 iteration 1676 file <builtin-library-memcmp> line 25 function memcmp thread 0
Unwinding loop memcmp.0 iteration 1677 file <builtin-library-memcmp> line 25 function memcmp thread 0
Unwinding loop memcmp.0 iteration 1678 file <builtin-library-memcmp> line 25 function memcmp thread 0
Unwinding loop memcmp.0 iteration 1679 file <builtin-library-memcmp> line 25 function memcmp thread 0
Unwinding loop memcmp.0 iteration 1680 file <builtin-library-memcmp> line 25 function memcmp thread 0
Unwinding loop memcmp.0 iteration 1681 file <builtin-library-memcmp> line 25 function memcmp thread 0
Unwinding loop memcmp.0 iteration 1682 file <builtin-library-memcmp> line 25 function memcmp thread 0
Unwinding loop memcmp.0 iteration 1683 file <builtin-library-memcmp> line 25 function memcmp thread 0
Unwinding loop memcmp.0 iteration 1684 file <builtin-library-memcmp> line 25 function memcmp thread 0
Unwinding loop memcmp.0 iteration 1685 file <builtin-library-memcmp> line 25 function memcmp thread 0
Unwinding loop memcmp.0 iteration 1686 file <builtin-library-memcmp> line 25 function memcmp thread 0
Unwinding loop memcmp.0 iteration 1687 file <builtin-library-memcmp> line 25 function memcmp thread 0
Unwinding loop memcmp.0 iteration 1688 file <builtin-library-memcmp> line 25 function memcmp thread 0
Unwinding loop memcmp.0 iteration 1689 file <builtin-library-memcmp> line 25 function memcmp thread 0
Unwinding loop memcmp.0 iteration 1690 file <builtin-library-memcmp> line 25 function memcmp thread 0
Unwinding loop memcmp.0 iteration 1691 file <builtin-library-memcmp> line 25 function memcmp thread 0
Unwinding loop memcmp.0 iteration 1692 file <builtin-library-memcmp> line 25 function memcmp thread 0
Unwinding loop memcmp.0 iteration 1693 file <builtin-library-memcmp> line 25 function memcmp thread 0
Unwinding loop memcmp.0 iteration 1694 file <builtin-library-memcmp> line 25 function memcmp thread 0
Unwinding loop memcmp.0 iteration 1695 file <builtin-library-memcmp> line 25 function memcmp thread 0
Unwinding loop memcmp.0 iteration 1696 file <builtin-library-memcmp> line 25 function memcmp thread 0
Unwinding loop memcmp.0 iteration 1697 file <builtin-library-memcmp> line 25 function memcmp thread 0
Unwinding loop memcmp.0 iteration 1698 file <builtin-library-memcmp> line 25 function memcmp thread 0
Unwinding loop memcmp.0 iteration 1699 file <builtin-library-memcmp> line 25 function memcmp thread 0
Unwinding loop memcmp.0 iteration 1700 file <builtin-library-memcmp> line 25 function memcmp thread 0
Unwinding loop memcmp.0 iteration 1701 file <builtin-library-memcmp> line 25 function memcmp thread 0
Unwinding loop memcmp.0 iteration 1702 file <builtin-library-memcmp> line 25 function memcmp thread 0
Unwinding loop memcmp.0 iteration 1703 file <builtin-library-memcmp> line 25 function memcmp thread 0
Unwinding loop memcmp.0 iteration 1704 file <builtin-library-memcmp> line 25 function memcmp thread 0
Unwinding loop memcmp.0 iteration 1705 file <builtin-library-memcmp> line 25 function memcmp thread 0
Unwinding loop memcmp.0 iteration 1706 file <builtin-library-memcmp> line 25 function memcmp thread 0
Unwinding loop memcmp.0 iteration 1707 file <builtin-library-memcmp> line 25 function memcmp thread 0
Unwinding loop memcmp.0 iteration 1708 file <builtin-library-memcmp> line 25 function memcmp thread 0
Unwinding loop memcmp.0 iteration 1709 file <builtin-library-memcmp> line 25 function memcmp thread 0
Unwinding loop memcmp.0 iteration 1710 file <builtin-library-memcmp> line 25 function memcmp thread 0
Unwinding loop memcmp.0 iteration 1711 file <builtin-library-memcmp> line 25 function memcmp thread 0
Unwinding loop memcmp.0 iteration 1712 file <builtin-library-memcmp> line 25 function memcmp thread 0
Unwinding loop memcmp.0 iteration 1713 file <builtin-library-memcmp> line 25 function memcmp thread 0
Unwinding loop memcmp.0 iteration 1714 file <builtin-library-memcmp> line 25 function memcmp thread 0
Unwinding loop memcmp.0 iteration 1715 file <builtin-library-memcmp> line 25 function memcmp thread 0
Unwinding loop memcmp.0 iteration 1716 file <builtin-library-memcmp> line 25 function memcmp thread 0
Unwinding loop memcmp.0 iteration 1717 file <builtin-library-memcmp> line 25 function memcmp thread 0
Unwinding loop memcmp.0 iteration 1718 file <builtin-library-memcmp> line 25 function memcmp thread 0
Unwinding loop memcmp.0 iteration 1719 file <builtin-library-memcmp> line 25 function memcmp thread 0
Unwinding loop memcmp.0 iteration 1720 file <builtin-library-memcmp> line 25 function memcmp thread 0
Unwinding loop memcmp.0 iteration 1721 file <builtin-library-memcmp> line 25 function memcmp thread 0
Unwinding loop memcmp.0 iteration 1722 file <builtin-library-memcmp> line 25 function memcmp thread 0
Unwinding loop memcmp.0 iteration 1723 file <builtin-library-memcmp> line 25 function memcmp thread 0
Unwinding loop memcmp.0 iteration 1724 file <builtin-library-memcmp> line 25 function memcmp thread 0
Unwinding loop memcmp.0 iteration 1725 file <builtin-library-memcmp> line 25 function memcmp thread 0
Unwinding loop memcmp.0 iteration 1726 file <builtin-library-memcmp> line 25 function memcmp thread 0
Unwinding loop memcmp.0 iteration 1727 file <builtin-library-memcmp> line 25 function memcmp thread 0
Unwinding loop memcmp.0 iteration 1728 file <builtin-library-memcmp> line 25 function memcmp thread 0
Unwinding loop memcmp.0 iteration 1729 file <builtin-library-memcmp> line 25 function memcmp thread 0
Unwinding loop memcmp.0 iteration 1730 file <builtin-library-memcmp> line 25 function memcmp thread 0
Unwinding loop memcmp.0 iteration 1731 file <builtin-library-memcmp> line 25 function memcmp thread 0
Unwinding loop memcmp.0 iteration 1732 file <builtin-library-memcmp> line 25 function memcmp thread 0
Unwinding loop memcmp.0 iteration 1733 file <builtin-library-memcmp> line 25 function memcmp thread 0
Unwinding loop memcmp.0 iteration 1734 file <builtin-library-memcmp> line 25 function memcmp thread 0
Unwinding loop memcmp.0 iteration 1735 file <builtin-library-memcmp> line 25 function memcmp thread 0
Unwinding loop memcmp.0 iteration 1736 file <builtin-library-memcmp> line 25 function memcmp thread 0
Unwinding loop memcmp.0 iteration 1737 file <builtin-library-memcmp> line 25 function memcmp thread 0
Unwinding loop memcmp.0 iteration 1738 file <builtin-library-memcmp> line 25 function memcmp thread 0
Unwinding loop memcmp.0 iteration 1739 file <builtin-library-memcmp> line 25 function memcmp thread 0
Unwinding loop memcmp.0 iteration 1740 file <builtin-library-memcmp> line 25 function memcmp thread 0
Unwinding loop memcmp.0 iteration 1741 file <builtin-library-memcmp> line 25 function memcmp thread 0
Unwinding loop memcmp.0 iteration 1742 file <builtin-library-memcmp> line 25 function memcmp thread 0
Unwinding loop memcmp.0 iteration 1743 file <builtin-library-memcmp> line 25 function memcmp thread 0
Unwinding loop memcmp.0 iteration 1744 file <builtin-library-memcmp> line 25 function memcmp thread 0
Unwinding loop memcmp.0 iteration 1745 file <builtin-library-memcmp> line 25 function memcmp thread 0
Unwinding loop memcmp.0 iteration 1746 file <builtin-library-memcmp> line 25 function memcmp thread 0
Unwinding loop memcmp.0 iteration 1747 file <builtin-library-memcmp> line 25 function memcmp thread 0
Unwinding loop memcmp.0 iteration 1748 file <builtin-library-memcmp> line 25 function memcmp thread 0
Unwinding loop memcmp.0 iteration 1749 file <builtin-library-memcmp> line 25 function memcmp thread 0
Unwinding loop memcmp.0 iteration 1750 file <builtin-library-memcmp> line 25 function memcmp thread 0
Unwinding loop memcmp.0 iteration 1751 file <builtin-library-memcmp> line 25 function memcmp thread 0
Unwinding loop memcmp.0 iteration 1752 file <builtin-library-memcmp> line 25 function memcmp thread 0
Unwinding loop memcmp.0 iteration 1753 file <builtin-library-memcmp> line 25 function memcmp thread 0
Unwinding loop memcmp.0 iteration 1754 file <builtin-library-memcmp> line 25 function memcmp thread 0
Unwinding loop memcmp.0 iteration 1755 file <builtin-library-memcmp> line 25 function memcmp thread 0
Unwinding loop memcmp.0 iteration 1756 file <builtin-library-memcmp> line 25 function memcmp thread 0
Unwinding loop memcmp.0 iteration 1757 file <builtin-library-memcmp> line 25 function memcmp thread 0
Unwinding loop memcmp.0 iteration 1758 file <builtin-library-memcmp> line 25 function memcmp thread 0
Unwinding loop memcmp.0 iteration 1759 file <builtin-library-memcmp> line 25 function memcmp thread 0
Unwinding loop memcmp.0 iteration 1760 file <builtin-library-memcmp> line 25 function memcmp thread 0
Unwinding loop memcmp.0 iteration 1761 file <builtin-library-memcmp> line 25 function memcmp thread 0
Unwinding loop memcmp.0 iteration 1762 file <builtin-library-memcmp> line 25 function memcmp thread 0
Unwinding loop memcmp.0 iteration 1763 file <builtin-library-memcmp> line 25 function memcmp thread 0
Unwinding loop memcmp.0 iteration 1764 file <builtin-library-memcmp> line 25 function memcmp thread 0
Unwinding loop memcmp.0 iteration 1765 file <builtin-library-memcmp> line 25 function memcmp thread 0
Unwinding loop memcmp.0 iteration 1766 file <builtin-library-memcmp> line 25 function memcmp thread 0
Unwinding loop memcmp.0 iteration 1767 file <builtin-library-memcmp> line 25 function memcmp thread 0
Unwinding loop memcmp.0 iteration 1768 file <builtin-library-memcmp> line 25 function memcmp thread 0
Unwinding loop memcmp.0 iteration 1769 file <builtin-library-memcmp> line 25 function memcmp thread 0
Unwinding loop memcmp.0 iteration 1770 file <builtin-library-memcmp> line 25 function memcmp thread 0
Unwinding loop memcmp.0 iteration 1771 file <builtin-library-memcmp> line 25 function memcmp thread 0
Unwinding loop memcmp.0 iteration 1772 file <builtin-library-memcmp> line 25 function memcmp thread 0
Unwinding loop memcmp.0 iteration 1773 file <builtin-library-memcmp> line 25 function memcmp thread 0
Unwinding loop memcmp.0 iteration 1774 file <builtin-library-memcmp> line 25 function memcmp thread 0
Unwinding loop memcmp.0 iteration 1775 file <builtin-library-memcmp> line 25 function memcmp thread 0
Unwinding loop memcmp.0 iteration 1776 file <builtin-library-memcmp> line 25 function memcmp thread 0
Unwinding loop memcmp.0 iteration 1777 file <builtin-library-memcmp> line 25 function memcmp thread 0
Unwinding loop memcmp.0 iteration 1778 file <builtin-library-memcmp> line 25 function memcmp thread 0
Unwinding loop memcmp.0 iteration 1779 file <builtin-library-memcmp> line 25 function memcmp thread 0
Unwinding loop memcmp.0 iteration 1780 file <builtin-library-memcmp> line 25 function memcmp thread 0
Unwinding loop memcmp.0 iteration 1781 file <builtin-library-memcmp> line 25 function memcmp thread 0
Unwinding loop memcmp.0 iteration 1782 file <builtin-library-memcmp> line 25 function memcmp thread 0
Unwinding loop memcmp.0 iteration 1783 file <builtin-library-memcmp> line 25 function memcmp thread 0
Unwinding loop memcmp.0 iteration 1784 file <builtin-library-memcmp> line 25 function memcmp thread 0
Unwinding loop memcmp.0 iteration 1785 file <builtin-library-memcmp> line 25 function memcmp thread 0
Unwinding loop memcmp.0 iteration 1786 file <builtin-library-memcmp> line 25 function memcmp thread 0
Unwinding loop memcmp.0 iteration 1787 file <builtin-library-memcmp> line 25 function memcmp thread 0
Unwinding loop memcmp.0 iteration 1788 file <builtin-library-memcmp> line 25 function memcmp thread 0
Unwinding loop memcmp.0 iteration 1789 file <builtin-library-memcmp> line 25 function memcmp thread 0
Unwinding loop memcmp.0 iteration 1790 file <builtin-library-memcmp> line 25 function memcmp thread 0
Unwinding loop memcmp.0 iteration 1791 file <builtin-library-memcmp> line 25 function memcmp thread 0
Unwinding loop memcmp.0 iteration 1792 file <builtin-library-memcmp> line 25 function memcmp thread 0
Unwinding loop memcmp.0 iteration 1793 file <builtin-library-memcmp> line 25 function memcmp thread 0
Unwinding loop memcmp.0 iteration 1794 file <builtin-library-memcmp> line 25 function memcmp thread 0
Unwinding loop memcmp.0 iteration 1795 file <builtin-library-memcmp> line 25 function memcmp thread 0
Unwinding loop memcmp.0 iteration 1796 file <builtin-library-memcmp> line 25 function memcmp thread 0
Unwinding loop memcmp.0 iteration 1797 file <builtin-library-memcmp> line 25 function memcmp thread 0
Unwinding loop memcmp.0 iteration 1798 file <builtin-library-memcmp> line 25 function memcmp thread 0
Unwinding loop memcmp.0 iteration 1799 file <builtin-library-memcmp> line 25 function memcmp thread 0
Unwinding loop memcmp.0 iteration 1800 file <builtin-library-memcmp> line 25 function memcmp thread 0
Unwinding loop memcmp.0 iteration 1801 file <builtin-library-memcmp> line 25 function memcmp thread 0
Unwinding loop memcmp.0 iteration 1802 file <builtin-library-memcmp> line 25 function memcmp thread 0
Unwinding loop memcmp.0 iteration 1803 file <builtin-library-memcmp> line 25 function memcmp thread 0
Unwinding loop memcmp.0 iteration 1804 file <builtin-library-memcmp> line 25 function memcmp thread 0
Unwinding loop memcmp.0 iteration 1805 file <builtin-library-memcmp> line 25 function memcmp thread 0
Unwinding loop memcmp.0 iteration 1806 file <builtin-library-memcmp> line 25 function memcmp thread 0
Unwinding loop memcmp.0 iteration 1807 file <builtin-library-memcmp> line 25 function memcmp thread 0
Unwinding loop memcmp.0 iteration 1808 file <builtin-library-memcmp> line 25 function memcmp thread 0
Unwinding loop memcmp.0 iteration 1809 file <builtin-library-memcmp> line 25 function memcmp thread 0
Unwinding loop memcmp.0 iteration 1810 file <builtin-library-memcmp> line 25 function memcmp thread 0
Unwinding loop memcmp.0 iteration 1811 file <builtin-library-memcmp> line 25 function memcmp thread 0
Unwinding loop memcmp.0 iteration 1812 file <builtin-library-memcmp> line 25 function memcmp thread 0
Unwinding loop memcmp.0 iteration 1813 file <builtin-library-memcmp> line 25 function memcmp thread 0
Unwinding loop memcmp.0 iteration 1814 file <builtin-library-memcmp> line 25 function memcmp thread 0
Unwinding loop memcmp.0 iteration 1815 file <builtin-library-memcmp> line 25 function memcmp thread 0
Unwinding loop memcmp.0 iteration 1816 file <builtin-library-memcmp> line 25 function memcmp thread 0
Unwinding loop memcmp.0 iteration 1817 file <builtin-library-memcmp> line 25 function memcmp thread 0
Unwinding loop memcmp.0 iteration 1818 file <builtin-library-memcmp> line 25 function memcmp thread 0
Unwinding loop memcmp.0 iteration 1819 file <builtin-library-memcmp> line 25 function memcmp thread 0
Unwinding loop memcmp.0 iteration 1820 file <builtin-library-memcmp> line 25 function memcmp thread 0
Unwinding loop memcmp.0 iteration 1821 file <builtin-library-memcmp> line 25 function memcmp thread 0
Unwinding loop memcmp.0 iteration 1822 file <builtin-library-memcmp> line 25 function memcmp thread 0
Unwinding loop memcmp.0 iteration 1823 file <builtin-library-memcmp> line 25 function memcmp thread 0
Unwinding loop memcmp.0 iteration 1824 file <builtin-library-memcmp> line 25 function memcmp thread 0
Unwinding loop memcmp.0 iteration 1825 file <builtin-library-memcmp> line 25 function memcmp thread 0
Unwinding loop memcmp.0 iteration 1826 file <builtin-library-memcmp> line 25 function memcmp thread 0
Unwinding loop memcmp.0 iteration 1827 file <builtin-library-memcmp> line 25 function memcmp thread 0
Unwinding loop memcmp.0 iteration 1828 file <builtin-library-memcmp> line 25 function memcmp thread 0
Unwinding loop memcmp.0 iteration 1829 file <builtin-library-memcmp> line 25 function memcmp thread 0
Unwinding loop memcmp.0 iteration 1830 file <builtin-library-memcmp> line 25 function memcmp thread 0
Unwinding loop memcmp.0 iteration 1831 file <builtin-library-memcmp> line 25 function memcmp thread 0
Unwinding loop memcmp.0 iteration 1832 file <builtin-library-memcmp> line 25 function memcmp thread 0
Unwinding loop memcmp.0 iteration 1833 file <builtin-library-memcmp> line 25 function memcmp thread 0
Unwinding loop memcmp.0 iteration 1834 file <builtin-library-memcmp> line 25 function memcmp thread 0
Unwinding loop memcmp.0 iteration 1835 file <builtin-library-memcmp> line 25 function memcmp thread 0
Unwinding loop memcmp.0 iteration 1836 file <builtin-library-memcmp> line 25 function memcmp thread 0
Unwinding loop memcmp.0 iteration 1837 file <builtin-library-memcmp> line 25 function memcmp thread 0
Unwinding loop memcmp.0 iteration 1838 file <builtin-library-memcmp> line 25 function memcmp thread 0
Unwinding loop memcmp.0 iteration 1839 file <builtin-library-memcmp> line 25 function memcmp thread 0
Unwinding loop memcmp.0 iteration 1840 file <builtin-library-memcmp> line 25 function memcmp thread 0
Unwinding loop memcmp.0 iteration 1841 file <builtin-library-memcmp> line 25 function memcmp thread 0
Unwinding loop memcmp.0 iteration 1842 file <builtin-library-memcmp> line 25 function memcmp thread 0
Unwinding loop memcmp.0 iteration 1843 file <builtin-library-memcmp> line 25 function memcmp thread 0
Unwinding loop memcmp.0 iteration 1844 file <builtin-library-memcmp> line 25 function memcmp thread 0
Unwinding loop memcmp.0 iteration 1845 file <builtin-library-memcmp> line 25 function memcmp thread 0
Unwinding loop memcmp.0 iteration 1846 file <builtin-library-memcmp> line 25 function memcmp thread 0
Unwinding loop memcmp.0 iteration 1847 file <builtin-library-memcmp> line 25 function memcmp thread 0
Unwinding loop memcmp.0 iteration 1848 file <builtin-library-memcmp> line 25 function memcmp thread 0
Unwinding loop memcmp.0 iteration 1849 file <builtin-library-memcmp> line 25 function memcmp thread 0
Unwinding loop memcmp.0 iteration 1850 file <builtin-library-memcmp> line 25 function memcmp thread 0
Unwinding loop memcmp.0 iteration 1851 file <builtin-library-memcmp> line 25 function memcmp thread 0
Unwinding loop memcmp.0 iteration 1852 file <builtin-library-memcmp> line 25 function memcmp thread 0
Unwinding loop memcmp.0 iteration 1853 file <builtin-library-memcmp> line 25 function memcmp thread 0
Unwinding loop memcmp.0 iteration 1854 file <builtin-library-memcmp> line 25 function memcmp thread 0
Unwinding loop memcmp.0 iteration 1855 file <builtin-library-memcmp> line 25 function memcmp thread 0
Unwinding loop memcmp.0 iteration 1856 file <builtin-library-memcmp> line 25 function memcmp thread 0
Unwinding loop memcmp.0 iteration 1857 file <builtin-library-memcmp> line 25 function memcmp thread 0
Unwinding loop memcmp.0 iteration 1858 file <builtin-library-memcmp> line 25 function memcmp thread 0
Unwinding loop memcmp.0 iteration 1859 file <builtin-library-memcmp> line 25 function memcmp thread 0
Unwinding loop memcmp.0 iteration 1860 file <builtin-library-memcmp> line 25 function memcmp thread 0
Unwinding loop memcmp.0 iteration 1861 file <builtin-library-memcmp> line 25 function memcmp thread 0
Unwinding loop memcmp.0 iteration 1862 file <builtin-library-memcmp> line 25 function memcmp thread 0
Unwinding loop memcmp.0 iteration 1863 file <builtin-library-memcmp> line 25 function memcmp thread 0
Unwinding loop memcmp.0 iteration 1864 file <builtin-library-memcmp> line 25 function memcmp thread 0
Unwinding loop memcmp.0 iteration 1865 file <builtin-library-memcmp> line 25 function memcmp thread 0
Unwinding loop memcmp.0 iteration 1866 file <builtin-library-memcmp> line 25 function memcmp thread 0
Unwinding loop memcmp.0 iteration 1867 file <builtin-library-memcmp> line 25 function memcmp thread 0
Unwinding loop memcmp.0 iteration 1868 file <builtin-library-memcmp> line 25 function memcmp thread 0
Unwinding loop memcmp.0 iteration 1869 file <builtin-library-memcmp> line 25 function memcmp thread 0
Unwinding loop memcmp.0 iteration 1870 file <builtin-library-memcmp> line 25 function memcmp thread 0
Unwinding loop memcmp.0 iteration 1871 file <builtin-library-memcmp> line 25 function memcmp thread 0
Unwinding loop memcmp.0 iteration 1872 file <builtin-library-memcmp> line 25 function memcmp thread 0
Unwinding loop memcmp.0 iteration 1873 file <builtin-library-memcmp> line 25 function memcmp thread 0
Unwinding loop memcmp.0 iteration 1874 file <builtin-library-memcmp> line 25 function memcmp thread 0
Unwinding loop memcmp.0 iteration 1875 file <builtin-library-memcmp> line 25 function memcmp thread 0
Unwinding loop memcmp.0 iteration 1876 file <builtin-library-memcmp> line 25 function memcmp thread 0
Unwinding loop memcmp.0 iteration 1877 file <builtin-library-memcmp> line 25 function memcmp thread 0
Unwinding loop memcmp.0 iteration 1878 file <builtin-library-memcmp> line 25 function memcmp thread 0
Unwinding loop memcmp.0 iteration 1879 file <builtin-library-memcmp> line 25 function memcmp thread 0
Unwinding loop memcmp.0 iteration 1880 file <builtin-library-memcmp> line 25 function memcmp thread 0
Unwinding loop memcmp.0 iteration 1881 file <builtin-library-memcmp> line 25 function memcmp thread 0
Unwinding loop memcmp.0 iteration 1882 file <builtin-library-memcmp> line 25 function memcmp thread 0
Unwinding loop memcmp.0 iteration 1883 file <builtin-library-memcmp> line 25 function memcmp thread 0
Unwinding loop memcmp.0 iteration 1884 file <builtin-library-memcmp> line 25 function memcmp thread 0
Unwinding loop memcmp.0 iteration 1885 file <builtin-library-memcmp> line 25 function memcmp thread 0
Unwinding loop memcmp.0 iteration 1886 file <builtin-library-memcmp> line 25 function memcmp thread 0
Unwinding loop memcmp.0 iteration 1887 file <builtin-library-memcmp> line 25 function memcmp thread 0
Unwinding loop memcmp.0 iteration 1888 file <builtin-library-memcmp> line 25 function memcmp thread 0
Unwinding loop memcmp.0 iteration 1889 file <builtin-library-memcmp> line 25 function memcmp thread 0
Unwinding loop memcmp.0 iteration 1890 file <builtin-library-memcmp> line 25 function memcmp thread 0
Unwinding loop memcmp.0 iteration 1891 file <builtin-library-memcmp> line 25 function memcmp thread 0
Unwinding loop memcmp.0 iteration 1892 file <builtin-library-memcmp> line 25 function memcmp thread 0
Unwinding loop memcmp.0 iteration 1893 file <builtin-library-memcmp> line 25 function memcmp thread 0
Unwinding loop memcmp.0 iteration 1894 file <builtin-library-memcmp> line 25 function memcmp thread 0
Unwinding loop memcmp.0 iteration 1895 file <builtin-library-memcmp> line 25 function memcmp thread 0
Unwinding loop memcmp.0 iteration 1896 file <builtin-library-memcmp> line 25 function memcmp thread 0
Unwinding loop memcmp.0 iteration 1897 file <builtin-library-memcmp> line 25 function memcmp thread 0
Unwinding loop memcmp.0 iteration 1898 file <builtin-library-memcmp> line 25 function memcmp thread 0
Unwinding loop memcmp.0 iteration 1899 file <builtin-library-memcmp> line 25 function memcmp thread 0
Unwinding loop memcmp.0 iteration 1900 file <builtin-library-memcmp> line 25 function memcmp thread 0
Unwinding loop memcmp.0 iteration 1901 file <builtin-library-memcmp> line 25 function memcmp thread 0
Unwinding loop memcmp.0 iteration 1902 file <builtin-library-memcmp> line 25 function memcmp thread 0
Unwinding loop memcmp.0 iteration 1903 file <builtin-library-memcmp> line 25 function memcmp thread 0
Unwinding loop memcmp.0 iteration 1904 file <builtin-library-memcmp> line 25 function memcmp thread 0
Unwinding loop memcmp.0 iteration 1905 file <builtin-library-memcmp> line 25 function memcmp thread 0
Unwinding loop memcmp.0 iteration 1906 file <builtin-library-memcmp> line 25 function memcmp thread 0
Unwinding loop memcmp.0 iteration 1907 file <builtin-library-memcmp> line 25 function memcmp thread 0
Unwinding loop memcmp.0 iteration 1908 file <builtin-library-memcmp> line 25 function memcmp thread 0
Unwinding loop memcmp.0 iteration 1909 file <builtin-library-memcmp> line 25 function memcmp thread 0
Unwinding loop memcmp.0 iteration 1910 file <builtin-library-memcmp> line 25 function memcmp thread 0
Unwinding loop memcmp.0 iteration 1911 file <builtin-library-memcmp> line 25 function memcmp thread 0
Unwinding loop memcmp.0 iteration 1912 file <builtin-library-memcmp> line 25 function memcmp thread 0
Unwinding loop memcmp.0 iteration 1913 file <builtin-library-memcmp> line 25 function memcmp thread 0
Unwinding loop memcmp.0 iteration 1914 file <builtin-library-memcmp> line 25 function memcmp thread 0
Unwinding loop memcmp.0 iteration 1915 file <builtin-library-memcmp> line 25 function memcmp thread 0
Unwinding loop memcmp.0 iteration 1916 file <builtin-library-memcmp> line 25 function memcmp thread 0
Unwinding loop memcmp.0 iteration 1917 file <builtin-library-memcmp> line 25 function memcmp thread 0
Unwinding loop memcmp.0 iteration 1918 file <builtin-library-memcmp> line 25 function memcmp thread 0
Unwinding loop memcmp.0 iteration 1919 file <builtin-library-memcmp> line 25 function memcmp thread 0
Unwinding loop memcmp.0 iteration 1920 file <builtin-library-memcmp> line 25 function memcmp thread 0
Unwinding loop memcmp.0 iteration 1921 file <builtin-library-memcmp> line 25 function memcmp thread 0
Unwinding loop memcmp.0 iteration 1922 file <builtin-library-memcmp> line 25 function memcmp thread 0
Unwinding loop memcmp.0 iteration 1923 file <builtin-library-memcmp> line 25 function memcmp thread 0
Unwinding loop memcmp.0 iteration 1924 file <builtin-library-memcmp> line 25 function memcmp thread 0
Unwinding loop memcmp.0 iteration 1925 file <builtin-library-memcmp> line 25 function memcmp thread 0
Unwinding loop memcmp.0 iteration 1926 file <builtin-library-memcmp> line 25 function memcmp thread 0
Unwinding loop memcmp.0 iteration 1927 file <builtin-library-memcmp> line 25 function memcmp thread 0
Unwinding loop memcmp.0 iteration 1928 file <builtin-library-memcmp> line 25 function memcmp thread 0
Unwinding loop memcmp.0 iteration 1929 file <builtin-library-memcmp> line 25 function memcmp thread 0
Unwinding loop memcmp.0 iteration 1930 file <builtin-library-memcmp> line 25 function memcmp thread 0
Unwinding loop memcmp.0 iteration 1931 file <builtin-library-memcmp> line 25 function memcmp thread 0
Unwinding loop memcmp.0 iteration 1932 file <builtin-library-memcmp> line 25 function memcmp thread 0
Unwinding loop memcmp.0 iteration 1933 file <builtin-library-memcmp> line 25 function memcmp thread 0
Unwinding loop memcmp.0 iteration 1934 file <builtin-library-memcmp> line 25 function memcmp thread 0
Unwinding loop memcmp.0 iteration 1935 file <builtin-library-memcmp> line 25 function memcmp thread 0
Unwinding loop memcmp.0 iteration 1936 file <builtin-library-memcmp> line 25 function memcmp thread 0
Unwinding loop memcmp.0 iteration 1937 file <builtin-library-memcmp> line 25 function memcmp thread 0
Unwinding loop memcmp.0 iteration 1938 file <builtin-library-memcmp> line 25 function memcmp thread 0
Unwinding loop memcmp.0 iteration 1939 file <builtin-library-memcmp> line 25 function memcmp thread 0
Unwinding loop memcmp.0 iteration 1940 file <builtin-library-memcmp> line 25 function memcmp thread 0
Unwinding loop memcmp.0 iteration 1941 file <builtin-library-memcmp> line 25 function memcmp thread 0
Unwinding loop memcmp.0 iteration 1942 file <builtin-library-memcmp> line 25 function memcmp thread 0
Unwinding loop memcmp.0 iteration 1943 file <builtin-library-memcmp> line 25 function memcmp thread 0
Unwinding loop memcmp.0 iteration 1944 file <builtin-library-memcmp> line 25 function memcmp thread 0
Unwinding loop memcmp.0 iteration 1945 file <builtin-library-memcmp> line 25 function memcmp thread 0
Unwinding loop memcmp.0 iteration 1946 file <builtin-library-memcmp> line 25 function memcmp thread 0
Unwinding loop memcmp.0 iteration 1947 file <builtin-library-memcmp> line 25 function memcmp thread 0
Unwinding loop memcmp.0 iteration 1948 file <builtin-library-memcmp> line 25 function memcmp thread 0
Unwinding loop memcmp.0 iteration 1949 file <builtin-library-memcmp> line 25 function memcmp thread 0
Unwinding loop memcmp.0 iteration 1950 file <builtin-library-memcmp> line 25 function memcmp thread 0
Unwinding loop memcmp.0 iteration 1951 file <builtin-library-memcmp> line 25 function memcmp thread 0
Unwinding loop memcmp.0 iteration 1952 file <builtin-library-memcmp> line 25 function memcmp thread 0
Unwinding loop memcmp.0 iteration 1953 file <builtin-library-memcmp> line 25 function memcmp thread 0
Unwinding loop memcmp.0 iteration 1954 file <builtin-library-memcmp> line 25 function memcmp thread 0
Unwinding loop memcmp.0 iteration 1955 file <builtin-library-memcmp> line 25 function memcmp thread 0
Unwinding loop memcmp.0 iteration 1956 file <builtin-library-memcmp> line 25 function memcmp thread 0
Unwinding loop memcmp.0 iteration 1957 file <builtin-library-memcmp> line 25 function memcmp thread 0
Unwinding loop memcmp.0 iteration 1958 file <builtin-library-memcmp> line 25 function memcmp thread 0
Unwinding loop memcmp.0 iteration 1959 file <builtin-library-memcmp> line 25 function memcmp thread 0
Unwinding loop memcmp.0 iteration 1960 file <builtin-library-memcmp> line 25 function memcmp thread 0
Unwinding loop memcmp.0 iteration 1961 file <builtin-library-memcmp> line 25 function memcmp thread 0
Unwinding loop memcmp.0 iteration 1962 file <builtin-library-memcmp> line 25 function memcmp thread 0
Unwinding loop memcmp.0 iteration 1963 file <builtin-library-memcmp> line 25 function memcmp thread 0
Unwinding loop memcmp.0 iteration 1964 file <builtin-library-memcmp> line 25 function memcmp thread 0
Unwinding loop memcmp.0 iteration 1965 file <builtin-library-memcmp> line 25 function memcmp thread 0
Unwinding loop memcmp.0 iteration 1966 file <builtin-library-memcmp> line 25 function memcmp thread 0
Unwinding loop memcmp.0 iteration 1967 file <builtin-library-memcmp> line 25 function memcmp thread 0
Unwinding loop memcmp.0 iteration 1968 file <builtin-library-memcmp> line 25 function memcmp thread 0
Unwinding loop memcmp.0 iteration 1969 file <builtin-library-memcmp> line 25 function memcmp thread 0
Unwinding loop memcmp.0 iteration 1970 file <builtin-library-memcmp> line 25 function memcmp thread 0
Unwinding loop memcmp.0 iteration 1971 file <builtin-library-memcmp> line 25 function memcmp thread 0
Unwinding loop memcmp.0 iteration 1972 file <builtin-library-memcmp> line 25 function memcmp thread 0
Unwinding loop memcmp.0 iteration 1973 file <builtin-library-memcmp> line 25 function memcmp thread 0
Unwinding loop memcmp.0 iteration 1974 file <builtin-library-memcmp> line 25 function memcmp thread 0
Unwinding loop memcmp.0 iteration 1975 file <builtin-library-memcmp> line 25 function memcmp thread 0
Unwinding loop memcmp.0 iteration 1976 file <builtin-library-memcmp> line 25 function memcmp thread 0
Unwinding loop memcmp.0 iteration 1977 file <builtin-library-memcmp> line 25 function memcmp thread 0
Unwinding loop memcmp.0 iteration 1978 file <builtin-library-memcmp> line 25 function memcmp thread 0
Unwinding loop memcmp.0 iteration 1979 file <builtin-library-memcmp> line 25 function memcmp thread 0
Unwinding loop memcmp.0 iteration 1980 file <builtin-library-memcmp> line 25 function memcmp thread 0
Unwinding loop memcmp.0 iteration 1981 file <builtin-library-memcmp> line 25 function memcmp thread 0
Unwinding loop memcmp.0 iteration 1982 file <builtin-library-memcmp> line 25 function memcmp thread 0
Unwinding loop memcmp.0 iteration 1983 file <builtin-library-memcmp> line 25 function memcmp thread 0
Unwinding loop memcmp.0 iteration 1984 file <builtin-library-memcmp> line 25 function memcmp thread 0
Unwinding loop memcmp.0 iteration 1985 file <builtin-library-memcmp> line 25 function memcmp thread 0
Unwinding loop memcmp.0 iteration 1986 file <builtin-library-memcmp> line 25 function memcmp thread 0
Unwinding loop memcmp.0 iteration 1987 file <builtin-library-memcmp> line 25 function memcmp thread 0
Unwinding loop memcmp.0 iteration 1988 file <builtin-library-memcmp> line 25 function memcmp thread 0
Unwinding loop memcmp.0 iteration 1989 file <builtin-library-memcmp> line 25 function memcmp thread 0
Unwinding loop memcmp.0 iteration 1990 file <builtin-library-memcmp> line 25 function memcmp thread 0
Unwinding loop memcmp.0 iteration 1991 file <builtin-library-memcmp> line 25 function memcmp thread 0
Unwinding loop memcmp.0 iteration 1992 file <builtin-library-memcmp> line 25 function memcmp thread 0
Unwinding loop memcmp.0 iteration 1993 file <builtin-library-memcmp> line 25 function memcmp thread 0
Unwinding loop memcmp.0 iteration 1994 file <builtin-library-memcmp> line 25 function memcmp thread 0
Unwinding loop memcmp.0 iteration 1995 file <builtin-library-memcmp> line 25 function memcmp thread 0
Unwinding loop memcmp.0 iteration 1996 file <builtin-library-memcmp> line 25 function memcmp thread 0
Unwinding loop memcmp.0 iteration 1997 file <builtin-library-memcmp> line 25 function memcmp thread 0
Unwinding loop memcmp.0 iteration 1998 file <builtin-library-memcmp> line 25 function memcmp thread 0
Unwinding loop memcmp.0 iteration 1999 file <builtin-library-memcmp> line 25 function memcmp thread 0
Unwinding loop memcmp.0 iteration 2000 file <builtin-library-memcmp> line 25 function memcmp thread 0
Unwinding loop memcmp.0 iteration 2001 file <builtin-library-memcmp> line 25 function memcmp thread 0
Unwinding loop memcmp.0 iteration 2002 file <builtin-library-memcmp> line 25 function memcmp thread 0
Unwinding loop memcmp.0 iteration 2003 file <builtin-library-memcmp> line 25 function memcmp thread 0
Unwinding loop memcmp.0 iteration 2004 file <builtin-library-memcmp> line 25 function memcmp thread 0
Unwinding loop memcmp.0 iteration 2005 file <builtin-library-memcmp> line 25 function memcmp thread 0
Unwinding loop memcmp.0 iteration 2006 file <builtin-library-memcmp> line 25 function memcmp thread 0
Unwinding loop memcmp.0 iteration 2007 file <builtin-library-memcmp> line 25 function memcmp thread 0
Unwinding loop memcmp.0 iteration 2008 file <builtin-library-memcmp> line 25 function memcmp thread 0
Unwinding loop memcmp.0 iteration 2009 file <builtin-library-memcmp> line 25 function memcmp thread 0
Unwinding loop memcmp.0 iteration 2010 file <builtin-library-memcmp> line 25 function memcmp thread 0
Unwinding loop memcmp.0 iteration 2011 file <builtin-library-memcmp> line 25 function memcmp thread 0
Unwinding loop memcmp.0 iteration 2012 file <builtin-library-memcmp> line 25 function memcmp thread 0
Unwinding loop memcmp.0 iteration 2013 file <builtin-library-memcmp> line 25 function memcmp thread 0
Unwinding loop memcmp.0 iteration 2014 file <builtin-library-memcmp> line 25 function memcmp thread 0
Unwinding loop memcmp.0 iteration 2015 file <builtin-library-memcmp> line 25 function memcmp thread 0
Unwinding loop memcmp.0 iteration 2016 file <builtin-library-memcmp> line 25 function memcmp thread 0
Unwinding loop memcmp.0 iteration 2017 file <builtin-library-memcmp> line 25 function memcmp thread 0
Unwinding loop memcmp.0 iteration 2018 file <builtin-library-memcmp> line 25 function memcmp thread 0
Unwinding loop memcmp.0 iteration 2019 file <builtin-library-memcmp> line 25 function memcmp thread 0
Unwinding loop memcmp.0 iteration 2020 file <builtin-library-memcmp> line 25 function memcmp thread 0
Unwinding loop memcmp.0 iteration 2021 file <builtin-library-memcmp> line 25 function memcmp thread 0
Unwinding loop memcmp.0 iteration 2022 file <builtin-library-memcmp> line 25 function memcmp thread 0
Unwinding loop memcmp.0 iteration 2023 file <builtin-library-memcmp> line 25 function memcmp thread 0
Unwinding loop memcmp.0 iteration 2024 file <builtin-library-memcmp> line 25 function memcmp thread 0
Unwinding loop memcmp.0 iteration 2025 file <builtin-library-memcmp> line 25 function memcmp thread 0
Unwinding loop memcmp.0 iteration 2026 file <builtin-library-memcmp> line 25 function memcmp thread 0
Unwinding loop memcmp.0 iteration 2027 file <builtin-library-memcmp> line 25 function memcmp thread 0
Unwinding loop memcmp.0 iteration 2028 file <builtin-library-memcmp> line 25 function memcmp thread 0
Unwinding loop memcmp.0 iteration 2029 file <builtin-library-memcmp> line 25 function memcmp thread 0
Unwinding loop memcmp.0 iteration 2030 file <builtin-library-memcmp> line 25 function memcmp thread 0
Unwinding loop memcmp.0 iteration 2031 file <builtin-library-memcmp> line 25 function memcmp thread 0
Unwinding loop memcmp.0 iteration 2032 file <builtin-library-memcmp> line 25 function memcmp thread 0
Unwinding loop memcmp.0 iteration 2033 file <builtin-library-memcmp> line 25 function memcmp thread 0
Unwinding loop memcmp.0 iteration 2034 file <builtin-library-memcmp> line 25 function memcmp thread 0
Unwinding loop memcmp.0 iteration 2035 file <builtin-library-memcmp> line 25 function memcmp thread 0
Unwinding loop memcmp.0 iteration 2036 file <builtin-library-memcmp> line 25 function memcmp thread 0
Unwinding loop memcmp.0 iteration 2037 file <builtin-library-memcmp> line 25 function memcmp thread 0
Unwinding loop memcmp.0 iteration 2038 file <builtin-library-memcmp> line 25 function memcmp thread 0
Unwinding loop memcmp.0 iteration 2039 file <builtin-library-memcmp> line 25 function memcmp thread 0
Unwinding loop memcmp.0 iteration 2040 file <builtin-library-memcmp> line 25 function memcmp thread 0
Unwinding loop memcmp.0 iteration 2041 file <builtin-library-memcmp> line 25 function memcmp thread 0
Unwinding loop memcmp.0 iteration 2042 file <builtin-library-memcmp> line 25 function memcmp thread 0
Unwinding loop memcmp.0 iteration 2043 file <builtin-library-memcmp> line 25 function memcmp thread 0
Unwinding loop memcmp.0 iteration 2044 file <builtin-library-memcmp> line 25 function memcmp thread 0
Unwinding loop memcmp.0 iteration 2045 file <builtin-library-memcmp> line 25 function memcmp thread 0
Unwinding loop memcmp.0 iteration 2046 file <builtin-library-memcmp> line 25 function memcmp thread 0
Unwinding loop memcmp.0 iteration 2047 file <builtin-library-memcmp> line 25 function memcmp thread 0
Unwinding loop memcmp.0 iteration 2048 file <builtin-library-memcmp> line 25 function memcmp thread 0
Unwinding loop memcmp.0 iteration 2049 file <builtin-library-memcmp> line 25 function memcmp thread 0
Unwinding loop memcmp.0 iteration 2050 file <builtin-library-memcmp> line 25 function memcmp thread 0
Unwinding loop memcmp.0 iteration 2051 file <builtin-library-memcmp> line 25 function memcmp thread 0
Unwinding loop memcmp.0 iteration 2052 file <builtin-library-memcmp> line 25 function memcmp thread 0
Unwinding loop memcmp.0 iteration 2053 file <builtin-library-memcmp> line 25 function memcmp thread 0
Unwinding loop memcmp.0 iteration 2054 file <builtin-library-memcmp> line 25 function memcmp thread 0
Unwinding loop memcmp.0 iteration 2055 file <builtin-library-memcmp> line 25 function memcmp thread 0
Unwinding loop memcmp.0 iteration 2056 file <builtin-library-memcmp> line 25 function memcmp thread 0
Unwinding loop memcmp.0 iteration 2057 file <builtin-library-memcmp> line 25 function memcmp thread 0
Unwinding loop memcmp.0 iteration 2058 file <builtin-library-memcmp> line 25 function memcmp thread 0
Unwinding loop memcmp.0 iteration 2059 file <builtin-library-memcmp> line 25 function memcmp thread 0
Unwinding loop memcmp.0 iteration 2060 file <builtin-library-memcmp> line 25 function memcmp thread 0
Unwinding loop memcmp.0 iteration 2061 file <builtin-library-memcmp> line 25 function memcmp thread 0
Unwinding loop memcmp.0 iteration 2062 file <builtin-library-memcmp> line 25 function memcmp thread 0
Unwinding loop memcmp.0 iteration 2063 file <builtin-library-memcmp> line 25 function memcmp thread 0
Unwinding loop memcmp.0 iteration 2064 file <builtin-library-memcmp> line 25 function memcmp thread 0
Unwinding loop memcmp.0 iteration 2065 file <builtin-library-memcmp> line 25 function memcmp thread 0
Unwinding loop memcmp.0 iteration 2066 file <builtin-library-memcmp> line 25 function memcmp thread 0
Unwinding loop memcmp.0 iteration 2067 file <builtin-library-memcmp> line 25 function memcmp thread 0
Unwinding loop memcmp.0 iteration 2068 file <builtin-library-memcmp> line 25 function memcmp thread 0
Unwinding loop memcmp.0 iteration 2069 file <builtin-library-memcmp> line 25 function memcmp thread 0
Unwinding loop memcmp.0 iteration 2070 file <builtin-library-memcmp> line 25 function memcmp thread 0
Unwinding loop memcmp.0 iteration 2071 file <builtin-library-memcmp> line 25 function memcmp thread 0
Unwinding loop memcmp.0 iteration 2072 file <builtin-library-memcmp> line 25 function memcmp thread 0
Unwinding loop memcmp.0 iteration 2073 file <builtin-library-memcmp> line 25 function memcmp thread 0
Unwinding loop memcmp.0 iteration 2074 file <builtin-library-memcmp> line 25 function memcmp thread 0
Unwinding loop memcmp.0 iteration 2075 file <builtin-library-memcmp> line 25 function memcmp thread 0
Unwinding loop memcmp.0 iteration 2076 file <builtin-library-memcmp> line 25 function memcmp thread 0
Unwinding loop memcmp.0 iteration 2077 file <builtin-library-memcmp> line 25 function memcmp thread 0
Unwinding loop memcmp.0 iteration 2078 file <builtin-library-memcmp> line 25 function memcmp thread 0
Unwinding loop memcmp.0 iteration 2079 file <builtin-library-memcmp> line 25 function memcmp thread 0
Unwinding loop memcmp.0 iteration 2080 file <builtin-library-memcmp> line 25 function memcmp thread 0
Unwinding loop memcmp.0 iteration 2081 file <builtin-library-memcmp> line 25 function memcmp thread 0
Unwinding loop memcmp.0 iteration 2082 file <builtin-library-memcmp> line 25 function memcmp thread 0
Unwinding loop memcmp.0 iteration 2083 file <builtin-library-memcmp> line 25 function memcmp thread 0
Unwinding loop memcmp.0 iteration 2084 file <builtin-library-memcmp> line 25 function memcmp thread 0
Unwinding loop memcmp.0 iteration 2085 file <builtin-library-memcmp> line 25 function memcmp thread 0
Unwinding loop memcmp.0 iteration 2086 file <builtin-library-memcmp> line 25 function memcmp thread 0
Unwinding loop memcmp.0 iteration 2087 file <builtin-library-memcmp> line 25 function memcmp thread 0
Unwinding loop memcmp.0 iteration 2088 file <builtin-library-memcmp> line 25 function memcmp thread 0
Unwinding loop memcmp.0 iteration 2089 file <builtin-library-memcmp> line 25 function memcmp thread 0
Unwinding loop memcmp.0 iteration 2090 file <builtin-library-memcmp> line 25 function memcmp thread 0
Unwinding loop memcmp.0 iteration 2091 file <builtin-library-memcmp> line 25 function memcmp thread 0
Unwinding loop memcmp.0 iteration 2092 file <builtin-library-memcmp> line 25 function memcmp thread 0
Unwinding loop memcmp.0 iteration 2093 file <builtin-library-memcmp> line 25 function memcmp thread 0
Unwinding loop memcmp.0 iteration 2094 file <builtin-library-memcmp> line 25 function memcmp thread 0
Unwinding loop memcmp.0 iteration 2095 file <builtin-library-memcmp> line 25 function memcmp thread 0
Unwinding loop memcmp.0 iteration 2096 file <builtin-library-memcmp> line 25 function memcmp thread 0
Unwinding loop memcmp.0 iteration 2097 file <builtin-library-memcmp> line 25 function memcmp thread 0
Unwinding loop memcmp.0 iteration 2098 file <builtin-library-memcmp> line 25 function memcmp thread 0
Unwinding loop memcmp.0 iteration 2099 file <builtin-library-memcmp> line 25 function memcmp thread 0
Unwinding loop memcmp.0 iteration 2100 file <builtin-library-memcmp> line 25 function memcmp thread 0
Unwinding loop memcmp.0 iteration 2101 file <builtin-library-memcmp> line 25 function memcmp thread 0
Unwinding loop memcmp.0 iteration 2102 file <builtin-library-memcmp> line 25 function memcmp thread 0
Unwinding loop memcmp.0 iteration 2103 file <builtin-library-memcmp> line 25 function memcmp thread 0
Unwinding loop memcmp.0 iteration 2104 file <builtin-library-memcmp> line 25 function memcmp thread 0
Unwinding loop memcmp.0 iteration 2105 file <builtin-library-memcmp> line 25 function memcmp thread 0
Unwinding loop memcmp.0 iteration 2106 file <builtin-library-memcmp> line 25 function memcmp thread 0
Unwinding loop memcmp.0 iteration 2107 file <builtin-library-memcmp> line 25 function memcmp thread 0
Unwinding loop memcmp.0 iteration 2108 file <builtin-library-memcmp> line 25 function memcmp thread 0
Unwinding loop memcmp.0 iteration 2109 file <builtin-library-memcmp> line 25 function memcmp thread 0
Unwinding loop memcmp.0 iteration 2110 file <builtin-library-memcmp> line 25 function memcmp thread 0
Unwinding loop memcmp.0 iteration 2111 file <builtin-library-memcmp> line 25 function memcmp thread 0
Unwinding loop memcmp.0 iteration 2112 file <builtin-library-memcmp> line 25 function memcmp thread 0
Unwinding loop memcmp.0 iteration 2113 file <builtin-library-memcmp> line 25 function memcmp thread 0
Unwinding loop memcmp.0 iteration 2114 file <builtin-library-memcmp> line 25 function memcmp thread 0
Unwinding loop memcmp.0 iteration 2115 file <builtin-library-memcmp> line 25 function memcmp thread 0
Unwinding loop memcmp.0 iteration 2116 file <builtin-library-memcmp> line 25 function memcmp thread 0
Unwinding loop memcmp.0 iteration 2117 file <builtin-library-memcmp> line 25 function memcmp thread 0
Unwinding loop memcmp.0 iteration 2118 file <builtin-library-memcmp> line 25 function memcmp thread 0
Unwinding loop memcmp.0 iteration 2119 file <builtin-library-memcmp> line 25 function memcmp thread 0
Unwinding loop memcmp.0 iteration 2120 file <builtin-library-memcmp> line 25 function memcmp thread 0
Unwinding loop memcmp.0 iteration 2121 file <builtin-library-memcmp> line 25 function memcmp thread 0
Unwinding loop memcmp.0 iteration 2122 file <builtin-library-memcmp> line 25 function memcmp thread 0
Unwinding loop memcmp.0 iteration 2123 file <builtin-library-memcmp> line 25 function memcmp thread 0
Unwinding loop memcmp.0 iteration 2124 file <builtin-library-memcmp> line 25 function memcmp thread 0
Unwinding loop memcmp.0 iteration 2125 file <builtin-library-memcmp> line 25 function memcmp thread 0
Unwinding loop memcmp.0 iteration 2126 file <builtin-library-memcmp> line 25 function memcmp thread 0
Unwinding loop memcmp.0 iteration 2127 file <builtin-library-memcmp> line 25 function memcmp thread 0
Unwinding loop memcmp.0 iteration 2128 file <builtin-library-memcmp> line 25 function memcmp thread 0
Unwinding loop memcmp.0 iteration 2129 file <builtin-library-memcmp> line 25 function memcmp thread 0
Unwinding loop memcmp.0 iteration 2130 file <builtin-library-memcmp> line 25 function memcmp thread 0
Unwinding loop memcmp.0 iteration 2131 file <builtin-library-memcmp> line 25 function memcmp thread 0
Unwinding loop memcmp.0 iteration 2132 file <builtin-library-memcmp> line 25 function memcmp thread 0
Unwinding loop memcmp.0 iteration 2133 file <builtin-library-memcmp> line 25 function memcmp thread 0
Unwinding loop memcmp.0 iteration 2134 file <builtin-library-memcmp> line 25 function memcmp thread 0
Unwinding loop memcmp.0 iteration 2135 file <builtin-library-memcmp> line 25 function memcmp thread 0
Unwinding loop memcmp.0 iteration 2136 file <builtin-library-memcmp> line 25 function memcmp thread 0
Unwinding loop memcmp.0 iteration 2137 file <builtin-library-memcmp> line 25 function memcmp thread 0
Unwinding loop memcmp.0 iteration 2138 file <builtin-library-memcmp> line 25 function memcmp thread 0
Unwinding loop memcmp.0 iteration 2139 file <builtin-library-memcmp> line 25 function memcmp thread 0
Unwinding loop memcmp.0 iteration 2140 file <builtin-library-memcmp> line 25 function memcmp thread 0
Unwinding loop memcmp.0 iteration 2141 file <builtin-library-memcmp> line 25 function memcmp thread 0
Unwinding loop memcmp.0 iteration 2142 file <builtin-library-memcmp> line 25 function memcmp thread 0
Unwinding loop memcmp.0 iteration 2143 file <builtin-library-memcmp> line 25 function memcmp thread 0
Unwinding loop memcmp.0 iteration 2144 file <builtin-library-memcmp> line 25 function memcmp thread 0
Unwinding loop memcmp.0 iteration 2145 file <builtin-library-memcmp> line 25 function memcmp thread 0
Unwinding loop memcmp.0 iteration 2146 file <builtin-library-memcmp> line 25 function memcmp thread 0
Unwinding loop memcmp.0 iteration 2147 file <builtin-library-memcmp> line 25 function memcmp thread 0
Unwinding loop memcmp.0 iteration 2148 file <builtin-library-memcmp> line 25 function memcmp thread 0
Unwinding loop memcmp.0 iteration 2149 file <builtin-library-memcmp> line 25 function memcmp thread 0
Unwinding loop memcmp.0 iteration 2150 file <builtin-library-memcmp> line 25 function memcmp thread 0
Unwinding loop memcmp.0 iteration 2151 file <builtin-library-memcmp> line 25 function memcmp thread 0
Unwinding loop memcmp.0 iteration 2152 file <builtin-library-memcmp> line 25 function memcmp thread 0
Unwinding loop memcmp.0 iteration 2153 file <builtin-library-memcmp> line 25 function memcmp thread 0
Unwinding loop memcmp.0 iteration 2154 file <builtin-library-memcmp> line 25 function memcmp thread 0
Unwinding loop memcmp.0 iteration 2155 file <builtin-library-memcmp> line 25 function memcmp thread 0
Unwinding loop memcmp.0 iteration 2156 file <builtin-library-memcmp> line 25 function memcmp thread 0
Unwinding loop memcmp.0 iteration 2157 file <builtin-library-memcmp> line 25 function memcmp thread 0
Unwinding loop memcmp.0 iteration 2158 file <builtin-library-memcmp> line 25 function memcmp thread 0
Unwinding loop memcmp.0 iteration 2159 file <builtin-library-memcmp> line 25 function memcmp thread 0
Unwinding loop memcmp.0 iteration 2160 file <builtin-library-memcmp> line 25 function memcmp thread 0
Unwinding loop memcmp.0 iteration 2161 file <builtin-library-memcmp> line 25 function memcmp thread 0
Unwinding loop memcmp.0 iteration 2162 file <builtin-library-memcmp> line 25 function memcmp thread 0
Unwinding loop memcmp.0 iteration 2163 file <builtin-library-memcmp> line 25 function memcmp thread 0
Unwinding loop memcmp.0 iteration 2164 file <builtin-library-memcmp> line 25 function memcmp thread 0
Unwinding loop memcmp.0 iteration 2165 file <builtin-library-memcmp> line 25 function memcmp thread 0
Unwinding loop memcmp.0 iteration 2166 file <builtin-library-memcmp> line 25 function memcmp thread 0
Unwinding loop memcmp.0 iteration 2167 file <builtin-library-memcmp> line 25 function memcmp thread 0
Unwinding loop memcmp.0 iteration 2168 file <builtin-library-memcmp> line 25 function memcmp thread 0
Unwinding loop memcmp.0 iteration 2169 file <builtin-library-memcmp> line 25 function memcmp thread 0
Unwinding loop memcmp.0 iteration 2170 file <builtin-library-memcmp> line 25 function memcmp thread 0
Unwinding loop memcmp.0 iteration 2171 file <builtin-library-memcmp> line 25 function memcmp thread 0
Unwinding loop memcmp.0 iteration 2172 file <builtin-library-memcmp> line 25 function memcmp thread 0
Unwinding loop memcmp.0 iteration 2173 file <builtin-library-memcmp> line 25 function memcmp thread 0
Unwinding loop memcmp.0 iteration 2174 file <builtin-library-memcmp> line 25 function memcmp thread 0
Unwinding loop memcmp.0 iteration 2175 file <builtin-library-memcmp> line 25 function memcmp thread 0
Unwinding loop memcmp.0 iteration 2176 file <builtin-library-memcmp> line 25 function memcmp thread 0
Unwinding loop memcmp.0 iteration 2177 file <builtin-library-memcmp> line 25 function memcmp thread 0
Unwinding loop memcmp.0 iteration 2178 file <builtin-library-memcmp> line 25 function memcmp thread 0
Unwinding loop memcmp.0 iteration 2179 file <builtin-library-memcmp> line 25 function memcmp thread 0
Unwinding loop memcmp.0 iteration 2180 file <builtin-library-memcmp> line 25 function memcmp thread 0
Unwinding loop memcmp.0 iteration 2181 file <builtin-library-memcmp> line 25 function memcmp thread 0
Unwinding loop memcmp.0 iteration 2182 file <builtin-library-memcmp> line 25 function memcmp thread 0
Unwinding loop memcmp.0 iteration 2183 file <builtin-library-memcmp> line 25 function memcmp thread 0
Unwinding loop memcmp.0 iteration 2184 file <builtin-library-memcmp> line 25 function memcmp thread 0
Unwinding loop memcmp.0 iteration 2185 file <builtin-library-memcmp> line 25 function memcmp thread 0
Unwinding loop memcmp.0 iteration 2186 file <builtin-library-memcmp> line 25 function memcmp thread 0
Unwinding loop memcmp.0 iteration 2187 file <builtin-library-memcmp> line 25 function memcmp thread 0
Unwinding loop memcmp.0 iteration 2188 file <builtin-library-memcmp> line 25 function memcmp thread 0
Unwinding loop memcmp.0 iteration 2189 file <builtin-library-memcmp> line 25 function memcmp thread 0
Unwinding loop memcmp.0 iteration 2190 file <builtin-library-memcmp> line 25 function memcmp thread 0
Unwinding loop memcmp.0 iteration 2191 file <builtin-library-memcmp> line 25 function memcmp thread 0
Unwinding loop memcmp.0 iteration 2192 file <builtin-library-memcmp> line 25 function memcmp thread 0
Unwinding loop memcmp.0 iteration 2193 file <builtin-library-memcmp> line 25 function memcmp thread 0
Unwinding loop memcmp.0 iteration 2194 file <builtin-library-memcmp> line 25 function memcmp thread 0
Unwinding loop memcmp.0 iteration 2195 file <builtin-library-memcmp> line 25 function memcmp thread 0
Unwinding loop memcmp.0 iteration 2196 file <builtin-library-memcmp> line 25 function memcmp thread 0
Unwinding loop memcmp.0 iteration 2197 file <builtin-library-memcmp> line 25 function memcmp thread 0
Unwinding loop memcmp.0 iteration 2198 file <builtin-library-memcmp> line 25 function memcmp thread 0
Unwinding loop memcmp.0 iteration 2199 file <builtin-library-memcmp> line 25 function memcmp thread 0
Unwinding loop memcmp.0 iteration 2200 file <builtin-library-memcmp> line 25 function memcmp thread 0
Unwinding loop memcmp.0 iteration 2201 file <builtin-library-memcmp> line 25 function memcmp thread 0
Unwinding loop memcmp.0 iteration 2202 file <builtin-library-memcmp> line 25 function memcmp thread 0
Unwinding loop memcmp.0 iteration 2203 file <builtin-library-memcmp> line 25 function memcmp thread 0
Unwinding loop memcmp.0 iteration 2204 file <builtin-library-memcmp> line 25 function memcmp thread 0
Unwinding loop memcmp.0 iteration 2205 file <builtin-library-memcmp> line 25 function memcmp thread 0
Unwinding loop memcmp.0 iteration 2206 file <builtin-library-memcmp> line 25 function memcmp thread 0
Unwinding loop memcmp.0 iteration 2207 file <builtin-library-memcmp> line 25 function memcmp thread 0
Unwinding loop memcmp.0 iteration 2208 file <builtin-library-memcmp> line 25 function memcmp thread 0
Unwinding loop memcmp.0 iteration 2209 file <builtin-library-memcmp> line 25 function memcmp thread 0
Unwinding loop memcmp.0 iteration 2210 file <builtin-library-memcmp> line 25 function memcmp thread 0
Unwinding loop memcmp.0 iteration 2211 file <builtin-library-memcmp> line 25 function memcmp thread 0
Unwinding loop memcmp.0 iteration 2212 file <builtin-library-memcmp> line 25 function memcmp thread 0
Unwinding loop memcmp.0 iteration 2213 file <builtin-library-memcmp> line 25 function memcmp thread 0
Unwinding loop memcmp.0 iteration 2214 file <builtin-library-memcmp> line 25 function memcmp thread 0
Unwinding loop memcmp.0 iteration 2215 file <builtin-library-memcmp> line 25 function memcmp thread 0
Unwinding loop memcmp.0 iteration 2216 file <builtin-library-memcmp> line 25 function memcmp thread 0
Unwinding loop memcmp.0 iteration 2217 file <builtin-library-memcmp> line 25 function memcmp thread 0
Unwinding loop memcmp.0 iteration 2218 file <builtin-library-memcmp> line 25 function memcmp thread 0
Unwinding loop memcmp.0 iteration 2219 file <builtin-library-memcmp> line 25 function memcmp thread 0
Unwinding loop memcmp.0 iteration 2220 file <builtin-library-memcmp> line 25 function memcmp thread 0
Unwinding loop memcmp.0 iteration 2221 file <builtin-library-memcmp> line 25 function memcmp thread 0
Unwinding loop memcmp.0 iteration 2222 file <builtin-library-memcmp> line 25 function memcmp thread 0
Unwinding loop memcmp.0 iteration 2223 file <builtin-library-memcmp> line 25 function memcmp thread 0
Unwinding loop memcmp.0 iteration 2224 file <builtin-library-memcmp> line 25 function memcmp thread 0
Unwinding loop memcmp.0 iteration 2225 file <builtin-library-memcmp> line 25 function memcmp thread 0
Unwinding loop memcmp.0 iteration 2226 file <builtin-library-memcmp> line 25 function memcmp thread 0
Unwinding loop memcmp.0 iteration 2227 file <builtin-library-memcmp> line 25 function memcmp thread 0
Unwinding loop memcmp.0 iteration 2228 file <builtin-library-memcmp> line 25 function memcmp thread 0
Unwinding loop memcmp.0 iteration 2229 file <builtin-library-memcmp> line 25 function memcmp thread 0
Unwinding loop memcmp.0 iteration 2230 file <builtin-library-memcmp> line 25 function memcmp thread 0
Unwinding loop memcmp.0 iteration 2231 file <builtin-library-memcmp> line 25 function memcmp thread 0
Unwinding loop memcmp.0 iteration 2232 file <builtin-library-memcmp> line 25 function memcmp thread 0
Unwinding loop memcmp.0 iteration 2233 file <builtin-library-memcmp> line 25 function memcmp thread 0
Unwinding loop memcmp.0 iteration 2234 file <builtin-library-memcmp> line 25 function memcmp thread 0
Unwinding loop memcmp.0 iteration 2235 file <builtin-library-memcmp> line 25 function memcmp thread 0
Unwinding loop memcmp.0 iteration 2236 file <builtin-library-memcmp> line 25 function memcmp thread 0
Unwinding loop memcmp.0 iteration 2237 file <builtin-library-memcmp> line 25 function memcmp thread 0
Unwinding loop memcmp.0 iteration 2238 file <builtin-library-memcmp> line 25 function memcmp thread 0
Unwinding loop memcmp.0 iteration 2239 file <builtin-library-memcmp> line 25 function memcmp thread 0
Unwinding loop memcmp.0 iteration 2240 file <builtin-library-memcmp> line 25 function memcmp thread 0
Unwinding loop memcmp.0 iteration 2241 file <builtin-library-memcmp> line 25 function memcmp thread 0
Unwinding loop memcmp.0 iteration 2242 file <builtin-library-memcmp> line 25 function memcmp thread 0
Unwinding loop memcmp.0 iteration 2243 file <builtin-library-memcmp> line 25 function memcmp thread 0
Unwinding loop memcmp.0 iteration 2244 file <builtin-library-memcmp> line 25 function memcmp thread 0
Unwinding loop memcmp.0 iteration 2245 file <builtin-library-memcmp> line 25 function memcmp thread 0
Unwinding loop memcmp.0 iteration 2246 file <builtin-library-memcmp> line 25 function memcmp thread 0
Unwinding loop memcmp.0 iteration 2247 file <builtin-library-memcmp> line 25 function memcmp thread 0
Unwinding loop memcmp.0 iteration 2248 file <builtin-library-memcmp> line 25 function memcmp thread 0
Unwinding loop memcmp.0 iteration 2249 file <builtin-library-memcmp> line 25 function memcmp thread 0
Unwinding loop memcmp.0 iteration 2250 file <builtin-library-memcmp> line 25 function memcmp thread 0
Unwinding loop memcmp.0 iteration 2251 file <builtin-library-memcmp> line 25 function memcmp thread 0
Unwinding loop memcmp.0 iteration 2252 file <builtin-library-memcmp> line 25 function memcmp thread 0
Unwinding loop memcmp.0 iteration 2253 file <builtin-library-memcmp> line 25 function memcmp thread 0
Unwinding loop memcmp.0 iteration 2254 file <builtin-library-memcmp> line 25 function memcmp thread 0
Unwinding loop memcmp.0 iteration 2255 file <builtin-library-memcmp> line 25 function memcmp thread 0
Unwinding loop memcmp.0 iteration 2256 file <builtin-library-memcmp> line 25 function memcmp thread 0
Unwinding loop memcmp.0 iteration 2257 file <builtin-library-memcmp> line 25 function memcmp thread 0
Unwinding loop memcmp.0 iteration 2258 file <builtin-library-memcmp> line 25 function memcmp thread 0
Unwinding loop memcmp.0 iteration 2259 file <builtin-library-memcmp> line 25 function memcmp thread 0
Unwinding loop memcmp.0 iteration 2260 file <builtin-library-memcmp> line 25 function memcmp thread 0
Unwinding loop memcmp.0 iteration 2261 file <builtin-library-memcmp> line 25 function memcmp thread 0
Unwinding loop memcmp.0 iteration 2262 file <builtin-library-memcmp> line 25 function memcmp thread 0
Unwinding loop memcmp.0 iteration 2263 file <builtin-library-memcmp> line 25 function memcmp thread 0
Unwinding loop memcmp.0 iteration 2264 file <builtin-library-memcmp> line 25 function memcmp thread 0
Unwinding loop memcmp.0 iteration 2265 file <builtin-library-memcmp> line 25 function memcmp thread 0
Unwinding loop memcmp.0 iteration 2266 file <builtin-library-memcmp> line 25 function memcmp thread 0
Unwinding loop memcmp.0 iteration 2267 file <builtin-library-memcmp> line 25 function memcmp thread 0
Unwinding loop memcmp.0 iteration 2268 file <builtin-library-memcmp> line 25 function memcmp thread 0
Unwinding loop memcmp.0 iteration 2269 file <builtin-library-memcmp> line 25 function memcmp thread 0
Unwinding loop memcmp.0 iteration 2270 file <builtin-library-memcmp> line 25 function memcmp thread 0
Unwinding loop memcmp.0 iteration 2271 file <builtin-library-memcmp> line 25 function memcmp thread 0
Unwinding loop memcmp.0 iteration 2272 file <builtin-library-memcmp> line 25 function memcmp thread 0
Unwinding loop memcmp.0 iteration 2273 file <builtin-library-memcmp> line 25 function memcmp thread 0
Unwinding loop memcmp.0 iteration 2274 file <builtin-library-memcmp> line 25 function memcmp thread 0
Unwinding loop memcmp.0 iteration 2275 file <builtin-library-memcmp> line 25 function memcmp thread 0
Unwinding loop memcmp.0 iteration 2276 file <builtin-library-memcmp> line 25 function memcmp thread 0
Unwinding loop memcmp.0 iteration 2277 file <builtin-library-memcmp> line 25 function memcmp thread 0
Unwinding loop memcmp.0 iteration 2278 file <builtin-library-memcmp> line 25 function memcmp thread 0
Unwinding loop memcmp.0 iteration 2279 file <builtin-library-memcmp> line 25 function memcmp thread 0
Unwinding loop memcmp.0 iteration 2280 file <builtin-library-memcmp> line 25 function memcmp thread 0
Unwinding loop memcmp.0 iteration 2281 file <builtin-library-memcmp> line 25 function memcmp thread 0
Unwinding loop memcmp.0 iteration 2282 file <builtin-library-memcmp> line 25 function memcmp thread 0
Unwinding loop memcmp.0 iteration 2283 file <builtin-library-memcmp> line 25 function memcmp thread 0
Unwinding loop memcmp.0 iteration 2284 file <builtin-library-memcmp> line 25 function memcmp thread 0
Unwinding loop memcmp.0 iteration 2285 file <builtin-library-memcmp> line 25 function memcmp thread 0
Unwinding loop memcmp.0 iteration 2286 file <builtin-library-memcmp> line 25 function memcmp thread 0
Unwinding loop memcmp.0 iteration 2287 file <builtin-library-memcmp> line 25 function memcmp thread 0
Unwinding loop memcmp.0 iteration 2288 file <builtin-library-memcmp> line 25 function memcmp thread 0
Unwinding loop memcmp.0 iteration 2289 file <builtin-library-memcmp> line 25 function memcmp thread 0
Unwinding loop memcmp.0 iteration 2290 file <builtin-library-memcmp> line 25 function memcmp thread 0
Unwinding loop memcmp.0 iteration 2291 file <builtin-library-memcmp> line 25 function memcmp thread 0
Unwinding loop memcmp.0 iteration 2292 file <builtin-library-memcmp> line 25 function memcmp thread 0
Unwinding loop memcmp.0 iteration 2293 file <builtin-library-memcmp> line 25 function memcmp thread 0
Unwinding loop memcmp.0 iteration 2294 file <builtin-library-memcmp> line 25 function memcmp thread 0
Unwinding loop memcmp.0 iteration 2295 file <builtin-library-memcmp> line 25 function memcmp thread 0
Unwinding loop memcmp.0 iteration 2296 file <builtin-library-memcmp> line 25 function memcmp thread 0
Unwinding loop memcmp.0 iteration 2297 file <builtin-library-memcmp> line 25 function memcmp thread 0
Unwinding loop memcmp.0 iteration 2298 file <builtin-library-memcmp> line 25 function memcmp thread 0
Unwinding loop memcmp.0 iteration 2299 file <builtin-library-memcmp> line 25 function memcmp thread 0
Unwinding loop memcmp.0 iteration 2300 file <builtin-library-memcmp> line 25 function memcmp thread 0
Unwinding loop memcmp.0 iteration 2301 file <builtin-library-memcmp> line 25 function memcmp thread 0
Unwinding loop memcmp.0 iteration 2302 file <builtin-library-memcmp> line 25 function memcmp thread 0
Unwinding loop memcmp.0 iteration 2303 file <builtin-library-memcmp> line 25 function memcmp thread 0
Unwinding loop memcmp.0 iteration 2304 file <builtin-library-memcmp> line 25 function memcmp thread 0
Unwinding loop memcmp.0 iteration 2305 file <builtin-library-memcmp> line 25 function memcmp thread 0
Unwinding loop memcmp.0 iteration 2306 file <builtin-library-memcmp> line 25 function memcmp thread 0
Unwinding loop memcmp.0 iteration 2307 file <builtin-library-memcmp> line 25 function memcmp thread 0
Unwinding loop memcmp.0 iteration 2308 file <builtin-library-memcmp> line 25 function memcmp thread 0
Unwinding loop memcmp.0 iteration 2309 file <builtin-library-memcmp> line 25 function memcmp thread 0
Unwinding loop memcmp.0 iteration 2310 file <builtin-library-memcmp> line 25 function memcmp thread 0
Unwinding loop memcmp.0 iteration 2311 file <builtin-library-memcmp> line 25 function memcmp thread 0
Unwinding loop memcmp.0 iteration 2312 file <builtin-library-memcmp> line 25 function memcmp thread 0
Unwinding loop memcmp.0 iteration 2313 file <builtin-library-memcmp> line 25 function memcmp thread 0
Unwinding loop memcmp.0 iteration 2314 file <builtin-library-memcmp> line 25 function memcmp thread 0
Unwinding loop memcmp.0 iteration 2315 file <builtin-library-memcmp> line 25 function memcmp thread 0
Unwinding loop memcmp.0 iteration 2316 file <builtin-library-memcmp> line 25 function memcmp thread 0
Unwinding loop memcmp.0 iteration 2317 file <builtin-library-memcmp> line 25 function memcmp thread 0
Unwinding loop memcmp.0 iteration 2318 file <builtin-library-memcmp> line 25 function memcmp thread 0
Unwinding loop memcmp.0 iteration 2319 file <builtin-library-memcmp> line 25 function memcmp thread 0
Unwinding loop memcmp.0 iteration 2320 file <builtin-library-memcmp> line 25 function memcmp thread 0
Unwinding loop memcmp.0 iteration 2321 file <builtin-library-memcmp> line 25 function memcmp thread 0
Unwinding loop memcmp.0 iteration 2322 file <builtin-library-memcmp> line 25 function memcmp thread 0
Unwinding loop memcmp.0 iteration 2323 file <builtin-library-memcmp> line 25 function memcmp thread 0
Unwinding loop memcmp.0 iteration 2324 file <builtin-library-memcmp> line 25 function memcmp thread 0
Unwinding loop memcmp.0 iteration 2325 file <builtin-library-memcmp> line 25 function memcmp thread 0
Unwinding loop memcmp.0 iteration 2326 file <builtin-library-memcmp> line 25 function memcmp thread 0
Unwinding loop memcmp.0 iteration 2327 file <builtin-library-memcmp> line 25 function memcmp thread 0
Unwinding loop memcmp.0 iteration 2328 file <builtin-library-memcmp> line 25 function memcmp thread 0
Unwinding loop memcmp.0 iteration 2329 file <builtin-library-memcmp> line 25 function memcmp thread 0
Unwinding loop memcmp.0 iteration 2330 file <builtin-library-memcmp> line 25 function memcmp thread 0
Unwinding loop memcmp.0 iteration 2331 file <builtin-library-memcmp> line 25 function memcmp thread 0
Unwinding loop memcmp.0 iteration 2332 file <builtin-library-memcmp> line 25 function memcmp thread 0
Unwinding loop memcmp.0 iteration 2333 file <builtin-library-memcmp> line 25 function memcmp thread 0
Unwinding loop memcmp.0 iteration 2334 file <builtin-library-memcmp> line 25 function memcmp thread 0
Unwinding loop memcmp.0 iteration 2335 file <builtin-library-memcmp> line 25 function memcmp thread 0
Unwinding loop memcmp.0 iteration 2336 file <builtin-library-memcmp> line 25 function memcmp thread 0
Unwinding loop memcmp.0 iteration 2337 file <builtin-library-memcmp> line 25 function memcmp thread 0
Unwinding loop memcmp.0 iteration 2338 file <builtin-library-memcmp> line 25 function memcmp thread 0
Unwinding loop memcmp.0 iteration 2339 file <builtin-library-memcmp> line 25 function memcmp thread 0
Unwinding loop memcmp.0 iteration 2340 file <builtin-library-memcmp> line 25 function memcmp thread 0
Unwinding loop memcmp.0 iteration 2341 file <builtin-library-memcmp> line 25 function memcmp thread 0
Unwinding loop memcmp.0 iteration 2342 file <builtin-library-memcmp> line 25 function memcmp thread 0
Unwinding loop memcmp.0 iteration 2343 file <builtin-library-memcmp> line 25 function memcmp thread 0
Unwinding loop memcmp.0 iteration 2344 file <builtin-library-memcmp> line 25 function memcmp thread 0
Unwinding loop memcmp.0 iteration 2345 file <builtin-library-memcmp> line 25 function memcmp thread 0
Unwinding loop memcmp.0 iteration 2346 file <builtin-library-memcmp> line 25 function memcmp thread 0
Unwinding loop memcmp.0 iteration 2347 file <builtin-library-memcmp> line 25 function memcmp thread 0
Unwinding loop memcmp.0 iteration 2348 file <builtin-library-memcmp> line 25 function memcmp thread 0
Unwinding loop memcmp.0 iteration 2349 file <builtin-library-memcmp> line 25 function memcmp thread 0
Unwinding loop memcmp.0 iteration 2350 file <builtin-library-memcmp> line 25 function memcmp thread 0
Unwinding loop memcmp.0 iteration 2351 file <builtin-library-memcmp> line 25 function memcmp thread 0
Unwinding loop memcmp.0 iteration 2352 file <builtin-library-memcmp> line 25 function memcmp thread 0
Unwinding loop memcmp.0 iteration 2353 file <builtin-library-memcmp> line 25 function memcmp thread 0
Unwinding loop memcmp.0 iteration 2354 file <builtin-library-memcmp> line 25 function memcmp thread 0
Unwinding loop memcmp.0 iteration 2355 file <builtin-library-memcmp> line 25 function memcmp thread 0
Unwinding loop memcmp.0 iteration 2356 file <builtin-library-memcmp> line 25 function memcmp thread 0
Unwinding loop memcmp.0 iteration 2357 file <builtin-library-memcmp> line 25 function memcmp thread 0
Unwinding loop memcmp.0 iteration 2358 file <builtin-library-memcmp> line 25 function memcmp thread 0
Unwinding loop memcmp.0 iteration 2359 file <builtin-library-memcmp> line 25 function memcmp thread 0
Unwinding loop memcmp.0 iteration 2360 file <builtin-library-memcmp> line 25 function memcmp thread 0
Unwinding loop memcmp.0 iteration 2361 file <builtin-library-memcmp> line 25 function memcmp thread 0
Unwinding loop memcmp.0 iteration 2362 file <builtin-library-memcmp> line 25 function memcmp thread 0
Unwinding loop memcmp.0 iteration 2363 file <builtin-library-memcmp> line 25 function memcmp thread 0
Unwinding loop memcmp.0 iteration 2364 file <builtin-library-memcmp> line 25 function memcmp thread 0
Unwinding loop memcmp.0 iteration 2365 file <builtin-library-memcmp> line 25 function memcmp thread 0
Unwinding loop memcmp.0 iteration 2366 file <builtin-library-memcmp> line 25 function memcmp thread 0
Unwinding loop memcmp.0 iteration 2367 file <builtin-library-memcmp> line 25 function memcmp thread 0
Unwinding loop memcmp.0 iteration 2368 file <builtin-library-memcmp> line 25 function memcmp thread 0
Unwinding loop memcmp.0 iteration 2369 file <builtin-library-memcmp> line 25 function memcmp thread 0
Unwinding loop memcmp.0 iteration 2370 file <builtin-library-memcmp> line 25 function memcmp thread 0
Unwinding loop memcmp.0 iteration 2371 file <builtin-library-memcmp> line 25 function memcmp thread 0
Unwinding loop memcmp.0 iteration 2372 file <builtin-library-memcmp> line 25 function memcmp thread 0
Unwinding loop memcmp.0 iteration 2373 file <builtin-library-memcmp> line 25 function memcmp thread 0
Unwinding loop memcmp.0 iteration 2374 file <builtin-library-memcmp> line 25 function memcmp thread 0
Unwinding loop memcmp.0 iteration 2375 file <builtin-library-memcmp> line 25 function memcmp thread 0
Unwinding loop memcmp.0 iteration 2376 file <builtin-library-memcmp> line 25 function memcmp thread 0
Unwinding loop memcmp.0 iteration 2377 file <builtin-library-memcmp> line 25 function memcmp thread 0
Unwinding loop memcmp.0 iteration 2378 file <builtin-library-memcmp> line 25 function memcmp thread 0
Unwinding loop memcmp.0 iteration 2379 file <builtin-library-memcmp> line 25 function memcmp thread 0
Unwinding loop memcmp.0 iteration 2380 file <builtin-library-memcmp> line 25 function memcmp thread 0
Unwinding loop memcmp.0 iteration 2381 file <builtin-library-memcmp> line 25 function memcmp thread 0
Unwinding loop memcmp.0 iteration 2382 file <builtin-library-memcmp> line 25 function memcmp thread 0
Unwinding loop memcmp.0 iteration 2383 file <builtin-library-memcmp> line 25 function memcmp thread 0
Unwinding loop memcmp.0 iteration 2384 file <builtin-library-memcmp> line 25 function memcmp thread 0
Unwinding loop memcmp.0 iteration 2385 file <builtin-library-memcmp> line 25 function memcmp thread 0
Unwinding loop memcmp.0 iteration 2386 file <builtin-library-memcmp> line 25 function memcmp thread 0
Unwinding loop memcmp.0 iteration 2387 file <builtin-library-memcmp> line 25 function memcmp thread 0
Unwinding loop memcmp.0 iteration 2388 file <builtin-library-memcmp> line 25 function memcmp thread 0
Unwinding loop memcmp.0 iteration 2389 file <builtin-library-memcmp> line 25 function memcmp thread 0
Unwinding loop memcmp.0 iteration 2390 file <builtin-library-memcmp> line 25 function memcmp thread 0
Unwinding loop memcmp.0 iteration 2391 file <builtin-library-memcmp> line 25 function memcmp thread 0
Unwinding loop memcmp.0 iteration 2392 file <builtin-library-memcmp> line 25 function memcmp thread 0
Unwinding loop memcmp.0 iteration 2393 file <builtin-library-memcmp> line 25 function memcmp thread 0
Unwinding loop memcmp.0 iteration 2394 file <builtin-library-memcmp> line 25 function memcmp thread 0
Unwinding loop memcmp.0 iteration 2395 file <builtin-library-memcmp> line 25 function memcmp thread 0
Unwinding loop memcmp.0 iteration 2396 file <builtin-library-memcmp> line 25 function memcmp thread 0
Unwinding loop memcmp.0 iteration 2397 file <builtin-library-memcmp> line 25 function memcmp thread 0
Unwinding loop memcmp.0 iteration 2398 file <builtin-library-memcmp> line 25 function memcmp thread 0
Unwinding loop memcmp.0 iteration 2399 file <builtin-library-memcmp> line 25 function memcmp thread 0
Unwinding loop memcmp.0 iteration 2400 file <builtin-library-memcmp> line 25 function memcmp thread 0
Unwinding loop memcmp.0 iteration 2401 file <builtin-library-memcmp> line 25 function memcmp thread 0
Unwinding loop memcmp.0 iteration 2402 file <builtin-library-memcmp> line 25 function memcmp thread 0
Unwinding loop memcmp.0 iteration 2403 file <builtin-library-memcmp> line 25 function memcmp thread 0
Unwinding loop memcmp.0 iteration 2404 file <builtin-library-memcmp> line 25 function memcmp thread 0
Unwinding loop memcmp.0 iteration 2405 file <builtin-library-memcmp> line 25 function memcmp thread 0
Unwinding loop memcmp.0 iteration 2406 file <builtin-library-memcmp> line 25 function memcmp thread 0
Unwinding loop memcmp.0 iteration 2407 file <builtin-library-memcmp> line 25 function memcmp thread 0
Unwinding loop memcmp.0 iteration 2408 file <builtin-library-memcmp> line 25 function memcmp thread 0
Unwinding loop memcmp.0 iteration 2409 file <builtin-library-memcmp> line 25 function memcmp thread 0
Unwinding loop memcmp.0 iteration 2410 file <builtin-library-memcmp> line 25 function memcmp thread 0
Unwinding loop memcmp.0 iteration 2411 file <builtin-library-memcmp> line 25 function memcmp thread 0
Unwinding loop memcmp.0 iteration 2412 file <builtin-library-memcmp> line 25 function memcmp thread 0
Unwinding loop memcmp.0 iteration 2413 file <builtin-library-memcmp> line 25 function memcmp thread 0
Unwinding loop memcmp.0 iteration 2414 file <builtin-library-memcmp> line 25 function memcmp thread 0
Unwinding loop memcmp.0 iteration 2415 file <builtin-library-memcmp> line 25 function memcmp thread 0
Unwinding loop memcmp.0 iteration 2416 file <builtin-library-memcmp> line 25 function memcmp thread 0
Unwinding loop memcmp.0 iteration 2417 file <builtin-library-memcmp> line 25 function memcmp thread 0
Unwinding loop memcmp.0 iteration 2418 file <builtin-library-memcmp> line 25 function memcmp thread 0
Unwinding loop memcmp.0 iteration 2419 file <builtin-library-memcmp> line 25 function memcmp thread 0
Unwinding loop memcmp.0 iteration 2420 file <builtin-library-memcmp> line 25 function memcmp thread 0
Unwinding loop memcmp.0 iteration 2421 file <builtin-library-memcmp> line 25 function memcmp thread 0
Unwinding loop memcmp.0 iteration 2422 file <builtin-library-memcmp> line 25 function memcmp thread 0
Unwinding loop memcmp.0 iteration 2423 file <builtin-library-memcmp> line 25 function memcmp thread 0
Unwinding loop memcmp.0 iteration 2424 file <builtin-library-memcmp> line 25 function memcmp thread 0
Unwinding loop memcmp.0 iteration 2425 file <builtin-library-memcmp> line 25 function memcmp thread 0
Unwinding loop memcmp.0 iteration 2426 file <builtin-library-memcmp> line 25 function memcmp thread 0
Unwinding loop memcmp.0 iteration 2427 file <builtin-library-memcmp> line 25 function memcmp thread 0
Unwinding loop memcmp.0 iteration 2428 file <builtin-library-memcmp> line 25 function memcmp thread 0
Unwinding loop memcmp.0 iteration 2429 file <builtin-library-memcmp> line 25 function memcmp thread 0
Unwinding loop memcmp.0 iteration 2430 file <builtin-library-memcmp> line 25 function memcmp thread 0
Unwinding loop memcmp.0 iteration 2431 file <builtin-library-memcmp> line 25 function memcmp thread 0
Unwinding loop memcmp.0 iteration 2432 file <builtin-library-memcmp> line 25 function memcmp thread 0
Unwinding loop memcmp.0 iteration 2433 file <builtin-library-memcmp> line 25 function memcmp thread 0
Unwinding loop memcmp.0 iteration 2434 file <builtin-library-memcmp> line 25 function memcmp thread 0
Unwinding loop memcmp.0 iteration 2435 file <builtin-library-memcmp> line 25 function memcmp thread 0
Unwinding loop memcmp.0 iteration 2436 file <builtin-library-memcmp> line 25 function memcmp thread 0
Unwinding loop memcmp.0 iteration 2437 file <builtin-library-memcmp> line 25 function memcmp thread 0
Unwinding loop memcmp.0 iteration 2438 file <builtin-library-memcmp> line 25 function memcmp thread 0
Unwinding loop memcmp.0 iteration 2439 file <builtin-library-memcmp> line 25 function memcmp thread 0
Unwinding loop memcmp.0 iteration 2440 file <builtin-library-memcmp> line 25 function memcmp thread 0
Unwinding loop memcmp.0 iteration 2441 file <builtin-library-memcmp> line 25 function memcmp thread 0
Unwinding loop memcmp.0 iteration 2442 file <builtin-library-memcmp> line 25 function memcmp thread 0
Unwinding loop memcmp.0 iteration 2443 file <builtin-library-memcmp> line 25 function memcmp thread 0
Unwinding loop memcmp.0 iteration 2444 file <builtin-library-memcmp> line 25 function memcmp thread 0
Unwinding loop memcmp.0 iteration 2445 file <builtin-library-memcmp> line 25 function memcmp thread 0
Unwinding loop memcmp.0 iteration 2446 file <builtin-library-memcmp> line 25 function memcmp thread 0
Unwinding loop memcmp.0 iteration 2447 file <builtin-library-memcmp> line 25 function memcmp thread 0
Unwinding loop memcmp.0 iteration 2448 file <builtin-library-memcmp> line 25 function memcmp thread 0
Unwinding loop memcmp.0 iteration 2449 file <builtin-library-memcmp> line 25 function memcmp thread 0
Unwinding loop memcmp.0 iteration 2450 file <builtin-library-memcmp> line 25 function memcmp thread 0
Unwinding loop memcmp.0 iteration 2451 file <builtin-library-memcmp> line 25 function memcmp thread 0
Unwinding loop memcmp.0 iteration 2452 file <builtin-library-memcmp> line 25 function memcmp thread 0
Unwinding loop memcmp.0 iteration 2453 file <builtin-library-memcmp> line 25 function memcmp thread 0
Unwinding loop memcmp.0 iteration 2454 file <builtin-library-memcmp> line 25 function memcmp thread 0
Unwinding loop memcmp.0 iteration 2455 file <builtin-library-memcmp> line 25 function memcmp thread 0
Unwinding loop memcmp.0 iteration 2456 file <builtin-library-memcmp> line 25 function memcmp thread 0
Unwinding loop memcmp.0 iteration 2457 file <builtin-library-memcmp> line 25 function memcmp thread 0
Unwinding loop memcmp.0 iteration 2458 file <builtin-library-memcmp> line 25 function memcmp thread 0
Unwinding loop memcmp.0 iteration 2459 file <builtin-library-memcmp> line 25 function memcmp thread 0
Unwinding loop memcmp.0 iteration 2460 file <builtin-library-memcmp> line 25 function memcmp thread 0
Unwinding loop memcmp.0 iteration 2461 file <builtin-library-memcmp> line 25 function memcmp thread 0
Unwinding loop memcmp.0 iteration 2462 file <builtin-library-memcmp> line 25 function memcmp thread 0
Unwinding loop memcmp.0 iteration 2463 file <builtin-library-memcmp> line 25 function memcmp thread 0
Unwinding loop memcmp.0 iteration 2464 file <builtin-library-memcmp> line 25 function memcmp thread 0
Unwinding loop memcmp.0 iteration 2465 file <builtin-library-memcmp> line 25 function memcmp thread 0
Unwinding loop memcmp.0 iteration 2466 file <builtin-library-memcmp> line 25 function memcmp thread 0
Unwinding loop memcmp.0 iteration 2467 file <builtin-library-memcmp> line 25 function memcmp thread 0
Unwinding loop memcmp.0 iteration 2468 file <builtin-library-memcmp> line 25 function memcmp thread 0
Unwinding loop memcmp.0 iteration 2469 file <builtin-library-memcmp> line 25 function memcmp thread 0
Unwinding loop memcmp.0 iteration 2470 file <builtin-library-memcmp> line 25 function memcmp thread 0
Unwinding loop memcmp.0 iteration 2471 file <builtin-library-memcmp> line 25 function memcmp thread 0
Unwinding loop memcmp.0 iteration 2472 file <builtin-library-memcmp> line 25 function memcmp thread 0
Unwinding loop memcmp.0 iteration 2473 file <builtin-library-memcmp> line 25 function memcmp thread 0
Unwinding loop memcmp.0 iteration 2474 file <builtin-library-memcmp> line 25 function memcmp thread 0
Unwinding loop memcmp.0 iteration 2475 file <builtin-library-memcmp> line 25 function memcmp thread 0
Unwinding loop memcmp.0 iteration 2476 file <builtin-library-memcmp> line 25 function memcmp thread 0
Unwinding loop memcmp.0 iteration 2477 file <builtin-library-memcmp> line 25 function memcmp thread 0
Unwinding loop memcmp.0 iteration 2478 file <builtin-library-memcmp> line 25 function memcmp thread 0
Unwinding loop memcmp.0 iteration 2479 file <builtin-library-memcmp> line 25 function memcmp thread 0
Unwinding loop memcmp.0 iteration 2480 file <builtin-library-memcmp> line 25 function memcmp thread 0
Unwinding loop memcmp.0 iteration 2481 file <builtin-library-memcmp> line 25 function memcmp thread 0
Unwinding loop memcmp.0 iteration 2482 file <builtin-library-memcmp> line 25 function memcmp thread 0
Unwinding loop memcmp.0 iteration 2483 file <builtin-library-memcmp> line 25 function memcmp thread 0
Unwinding loop memcmp.0 iteration 2484 file <builtin-library-memcmp> line 25 function memcmp thread 0
Unwinding loop memcmp.0 iteration 2485 file <builtin-library-memcmp> line 25 function memcmp thread 0
Unwinding loop memcmp.0 iteration 2486 file <builtin-library-memcmp> line 25 function memcmp thread 0
Unwinding loop memcmp.0 iteration 2487 file <builtin-library-memcmp> line 25 function memcmp thread 0
Unwinding loop memcmp.0 iteration 2488 file <builtin-library-memcmp> line 25 function memcmp thread 0
Unwinding loop memcmp.0 iteration 2489 file <builtin-library-memcmp> line 25 function memcmp thread 0
Unwinding loop memcmp.0 iteration 2490 file <builtin-library-memcmp> line 25 function memcmp thread 0
Unwinding loop memcmp.0 iteration 2491 file <builtin-library-memcmp> line 25 function memcmp thread 0
Unwinding loop memcmp.0 iteration 2492 file <builtin-library-memcmp> line 25 function memcmp thread 0
Unwinding loop memcmp.0 iteration 2493 file <builtin-library-memcmp> line 25 function memcmp thread 0
Unwinding loop memcmp.0 iteration 2494 file <builtin-library-memcmp> line 25 function memcmp thread 0
Unwinding loop memcmp.0 iteration 2495 file <builtin-library-memcmp> line 25 function memcmp thread 0
Unwinding loop memcmp.0 iteration 2496 file <builtin-library-memcmp> line 25 function memcmp thread 0
Unwinding loop memcmp.0 iteration 2497 file <builtin-library-memcmp> line 25 function memcmp thread 0
Unwinding loop memcmp.0 iteration 2498 file <builtin-library-memcmp> line 25 function memcmp thread 0
Unwinding loop memcmp.0 iteration 2499 file <builtin-library-memcmp> line 25 function memcmp thread 0
Unwinding loop memcmp.0 iteration 2500 file <builtin-library-memcmp> line 25 function memcmp thread 0
Unwinding loop memcmp.0 iteration 2501 file <builtin-library-memcmp> line 25 function memcmp thread 0
Unwinding loop memcmp.0 iteration 2502 file <builtin-library-memcmp> line 25 function memcmp thread 0
Unwinding loop memcmp.0 iteration 2503 file <builtin-library-memcmp> line 25 function memcmp thread 0
Unwinding loop memcmp.0 iteration 2504 file <builtin-library-memcmp> line 25 function memcmp thread 0
Unwinding loop memcmp.0 iteration 2505 file <builtin-library-memcmp> line 25 function memcmp thread 0
Unwinding loop memcmp.0 iteration 2506 file <builtin-library-memcmp> line 25 function memcmp thread 0
Unwinding loop memcmp.0 iteration 2507 file <builtin-library-memcmp> line 25 function memcmp thread 0
Unwinding loop memcmp.0 iteration 2508 file <builtin-library-memcmp> line 25 function memcmp thread 0
Unwinding loop memcmp.0 iteration 2509 file <builtin-library-memcmp> line 25 function memcmp thread 0
Unwinding loop memcmp.0 iteration 2510 file <builtin-library-memcmp> line 25 function memcmp thread 0
Unwinding loop memcmp.0 iteration 2511 file <builtin-library-memcmp> line 25 function memcmp thread 0
Unwinding loop memcmp.0 iteration 2512 file <builtin-library-memcmp> line 25 function memcmp thread 0
Unwinding loop memcmp.0 iteration 2513 file <builtin-library-memcmp> line 25 function memcmp thread 0
Unwinding loop memcmp.0 iteration 2514 file <builtin-library-memcmp> line 25 function memcmp thread 0
Unwinding loop memcmp.0 iteration 2515 file <builtin-library-memcmp> line 25 function memcmp thread 0
Unwinding loop memcmp.0 iteration 2516 file <builtin-library-memcmp> line 25 function memcmp thread 0
Unwinding loop memcmp.0 iteration 2517 file <builtin-library-memcmp> line 25 function memcmp thread 0
Unwinding loop memcmp.0 iteration 2518 file <builtin-library-memcmp> line 25 function memcmp thread 0
Unwinding loop memcmp.0 iteration 2519 file <builtin-library-memcmp> line 25 function memcmp thread 0
Unwinding loop memcmp.0 iteration 2520 file <builtin-library-memcmp> line 25 function memcmp thread 0
Unwinding loop memcmp.0 iteration 2521 file <builtin-library-memcmp> line 25 function memcmp thread 0
Unwinding loop memcmp.0 iteration 2522 file <builtin-library-memcmp> line 25 function memcmp thread 0
Unwinding loop memcmp.0 iteration 2523 file <builtin-library-memcmp> line 25 function memcmp thread 0
Unwinding loop memcmp.0 iteration 2524 file <builtin-library-memcmp> line 25 function memcmp thread 0
Unwinding loop memcmp.0 iteration 2525 file <builtin-library-memcmp> line 25 function memcmp thread 0
Unwinding loop memcmp.0 iteration 2526 file <builtin-library-memcmp> line 25 function memcmp thread 0
Unwinding loop memcmp.0 iteration 2527 file <builtin-library-memcmp> line 25 function memcmp thread 0
Unwinding loop memcmp.0 iteration 2528 file <builtin-library-memcmp> line 25 function memcmp thread 0
Unwinding loop memcmp.0 iteration 2529 file <builtin-library-memcmp> line 25 function memcmp thread 0
Unwinding loop memcmp.0 iteration 2530 file <builtin-library-memcmp> line 25 function memcmp thread 0
Unwinding loop memcmp.0 iteration 2531 file <builtin-library-memcmp> line 25 function memcmp thread 0
Unwinding loop memcmp.0 iteration 2532 file <builtin-library-memcmp> line 25 function memcmp thread 0
Unwinding loop memcmp.0 iteration 2533 file <builtin-library-memcmp> line 25 function memcmp thread 0
Unwinding loop memcmp.0 iteration 2534 file <builtin-library-memcmp> line 25 function memcmp thread 0
Unwinding loop memcmp.0 iteration 2535 file <builtin-library-memcmp> line 25 function memcmp thread 0
Unwinding loop memcmp.0 iteration 2536 file <builtin-library-memcmp> line 25 function memcmp thread 0
Unwinding loop memcmp.0 iteration 2537 file <builtin-library-memcmp> line 25 function memcmp thread 0
Unwinding loop memcmp.0 iteration 2538 file <builtin-library-memcmp> line 25 function memcmp thread 0
Unwinding loop memcmp.0 iteration 2539 file <builtin-library-memcmp> line 25 function memcmp thread 0
Unwinding loop memcmp.0 iteration 2540 file <builtin-library-memcmp> line 25 function memcmp thread 0
Unwinding loop memcmp.0 iteration 2541 file <builtin-library-memcmp> line 25 function memcmp thread 0
Unwinding loop memcmp.0 iteration 2542 file <builtin-library-memcmp> line 25 function memcmp thread 0
Unwinding loop memcmp.0 iteration 2543 file <builtin-library-memcmp> line 25 function memcmp thread 0
Unwinding loop memcmp.0 iteration 2544 file <builtin-library-memcmp> line 25 function memcmp thread 0
Unwinding loop memcmp.0 iteration 2545 file <builtin-library-memcmp> line 25 function memcmp thread 0
Unwinding loop memcmp.0 iteration 2546 file <builtin-library-memcmp> line 25 function memcmp thread 0
Unwinding loop memcmp.0 iteration 2547 file <builtin-library-memcmp> line 25 function memcmp thread 0
Unwinding loop memcmp.0 iteration 2548 file <builtin-library-memcmp> line 25 function memcmp thread 0
Unwinding loop memcmp.0 iteration 2549 file <builtin-library-memcmp> line 25 function memcmp thread 0
Unwinding loop memcmp.0 iteration 2550 file <builtin-library-memcmp> line 25 function memcmp thread 0
Unwinding loop memcmp.0 iteration 2551 file <builtin-library-memcmp> line 25 function memcmp thread 0
Unwinding loop memcmp.0 iteration 2552 file <builtin-library-memcmp> line 25 function memcmp thread 0
Unwinding loop memcmp.0 iteration 2553 file <builtin-library-memcmp> line 25 function memcmp thread 0
Unwinding loop memcmp.0 iteration 2554 file <builtin-library-memcmp> line 25 function memcmp thread 0
Unwinding loop memcmp.0 iteration 2555 file <builtin-library-memcmp> line 25 function memcmp thread 0
Unwinding loop memcmp.0 iteration 2556 file <builtin-library-memcmp> line 25 function memcmp thread 0
Unwinding loop memcmp.0 iteration 2557 file <builtin-library-memcmp> line 25 function memcmp thread 0
Unwinding loop memcmp.0 iteration 2558 file <builtin-library-memcmp> line 25 function memcmp thread 0
Unwinding loop memcmp.0 iteration 2559 file <builtin-library-memcmp> line 25 function memcmp thread 0
Unwinding loop memcmp.0 iteration 2560 file <builtin-library-memcmp> line 25 function memcmp thread 0
Unwinding loop memcmp.0 iteration 2561 file <builtin-library-memcmp> line 25 function memcmp thread 0
Unwinding loop memcmp.0 iteration 2562 file <builtin-library-memcmp> line 25 function memcmp thread 0
Unwinding loop memcmp.0 iteration 2563 file <builtin-library-memcmp> line 25 function memcmp thread 0
Unwinding loop memcmp.0 iteration 2564 file <builtin-library-memcmp> line 25 function memcmp thread 0
Unwinding loop memcmp.0 iteration 2565 file <builtin-library-memcmp> line 25 function memcmp thread 0
Unwinding loop memcmp.0 iteration 2566 file <builtin-library-memcmp> line 25 function memcmp thread 0
Unwinding loop memcmp.0 iteration 2567 file <builtin-library-memcmp> line 25 function memcmp thread 0
Unwinding loop memcmp.0 iteration 2568 file <builtin-library-memcmp> line 25 function memcmp thread 0
Unwinding loop memcmp.0 iteration 2569 file <builtin-library-memcmp> line 25 function memcmp thread 0
Unwinding loop memcmp.0 iteration 2570 file <builtin-library-memcmp> line 25 function memcmp thread 0
Unwinding loop memcmp.0 iteration 2571 file <builtin-library-memcmp> line 25 function memcmp thread 0
Unwinding loop memcmp.0 iteration 2572 file <builtin-library-memcmp> line 25 function memcmp thread 0
Unwinding loop memcmp.0 iteration 2573 file <builtin-library-memcmp> line 25 function memcmp thread 0
Unwinding loop memcmp.0 iteration 2574 file <builtin-library-memcmp> line 25 function memcmp thread 0
Unwinding loop memcmp.0 iteration 2575 file <builtin-library-memcmp> line 25 function memcmp thread 0
Unwinding loop memcmp.0 iteration 2576 file <builtin-library-memcmp> line 25 function memcmp thread 0
Unwinding loop memcmp.0 iteration 2577 file <builtin-library-memcmp> line 25 function memcmp thread 0
Unwinding loop memcmp.0 iteration 2578 file <builtin-library-memcmp> line 25 function memcmp thread 0
Unwinding loop memcmp.0 iteration 2579 file <builtin-library-memcmp> line 25 function memcmp thread 0
Unwinding loop memcmp.0 iteration 2580 file <builtin-library-memcmp> line 25 function memcmp thread 0
Unwinding loop memcmp.0 iteration 2581 file <builtin-library-memcmp> line 25 function memcmp thread 0
Unwinding loop memcmp.0 iteration 2582 file <builtin-library-memcmp> line 25 function memcmp thread 0
Unwinding loop memcmp.0 iteration 2583 file <builtin-library-memcmp> line 25 function memcmp thread 0
Unwinding loop memcmp.0 iteration 2584 file <builtin-library-memcmp> line 25 function memcmp thread 0
Unwinding loop memcmp.0 iteration 2585 file <builtin-library-memcmp> line 25 function memcmp thread 0
Unwinding loop memcmp.0 iteration 2586 file <builtin-library-memcmp> line 25 function memcmp thread 0
Unwinding loop memcmp.0 iteration 2587 file <builtin-library-memcmp> line 25 function memcmp thread 0
Unwinding loop memcmp.0 iteration 2588 file <builtin-library-memcmp> line 25 function memcmp thread 0
Unwinding loop memcmp.0 iteration 2589 file <builtin-library-memcmp> line 25 function memcmp thread 0
Unwinding loop memcmp.0 iteration 2590 file <builtin-library-memcmp> line 25 function memcmp thread 0
Unwinding loop memcmp.0 iteration 2591 file <builtin-library-memcmp> line 25 function memcmp thread 0
Unwinding loop memcmp.0 iteration 2592 file <builtin-library-memcmp> line 25 function memcmp thread 0
Unwinding loop memcmp.0 iteration 2593 file <builtin-library-memcmp> line 25 function memcmp thread 0
Unwinding loop memcmp.0 iteration 2594 file <builtin-library-memcmp> line 25 function memcmp thread 0
Unwinding loop memcmp.0 iteration 2595 file <builtin-library-memcmp> line 25 function memcmp thread 0
Unwinding loop memcmp.0 iteration 2596 file <builtin-library-memcmp> line 25 function memcmp thread 0
Unwinding loop memcmp.0 iteration 2597 file <builtin-library-memcmp> line 25 function memcmp thread 0
Unwinding loop memcmp.0 iteration 2598 file <builtin-library-memcmp> line 25 function memcmp thread 0
Unwinding loop memcmp.0 iteration 2599 file <builtin-library-memcmp> line 25 function memcmp thread 0
Unwinding loop memcmp.0 iteration 2600 file <builtin-library-memcmp> line 25 function memcmp thread 0
Unwinding loop memcmp.0 iteration 2601 file <builtin-library-memcmp> line 25 function memcmp thread 0
Unwinding loop memcmp.0 iteration 2602 file <builtin-library-memcmp> line 25 function memcmp thread 0
Unwinding loop memcmp.0 iteration 2603 file <builtin-library-memcmp> line 25 function memcmp thread 0
Unwinding loop memcmp.0 iteration 2604 file <builtin-library-memcmp> line 25 function memcmp thread 0
Unwinding loop memcmp.0 iteration 2605 file <builtin-library-memcmp> line 25 function memcmp thread 0
Unwinding loop memcmp.0 iteration 2606 file <builtin-library-memcmp> line 25 function memcmp thread 0
Unwinding loop memcmp.0 iteration 2607 file <builtin-library-memcmp> line 25 function memcmp thread 0
Unwinding loop memcmp.0 iteration 2608 file <builtin-library-memcmp> line 25 function memcmp thread 0
Unwinding loop memcmp.0 iteration 2609 file <builtin-library-memcmp> line 25 function memcmp thread 0
Unwinding loop memcmp.0 iteration 2610 file <builtin-library-memcmp> line 25 function memcmp thread 0
Unwinding loop memcmp.0 iteration 2611 file <builtin-library-memcmp> line 25 function memcmp thread 0
Unwinding loop memcmp.0 iteration 2612 file <builtin-library-memcmp> line 25 function memcmp thread 0
Unwinding loop memcmp.0 iteration 2613 file <builtin-library-memcmp> line 25 function memcmp thread 0
Unwinding loop memcmp.0 iteration 2614 file <builtin-library-memcmp> line 25 function memcmp thread 0
Unwinding loop memcmp.0 iteration 2615 file <builtin-library-memcmp> line 25 function memcmp thread 0
Unwinding loop memcmp.0 iteration 2616 file <builtin-library-memcmp> line 25 function memcmp thread 0
Unwinding loop memcmp.0 iteration 2617 file <builtin-library-memcmp> line 25 function memcmp thread 0
Unwinding loop memcmp.0 iteration 2618 file <builtin-library-memcmp> line 25 function memcmp thread 0
Unwinding loop memcmp.0 iteration 2619 file <builtin-library-memcmp> line 25 function memcmp thread 0
Unwinding loop memcmp.0 iteration 2620 file <builtin-library-memcmp> line 25 function memcmp thread 0
Unwinding loop memcmp.0 iteration 2621 file <builtin-library-memcmp> line 25 function memcmp thread 0
Unwinding loop memcmp.0 iteration 2622 file <builtin-library-memcmp> line 25 function memcmp thread 0
Unwinding loop memcmp.0 iteration 2623 file <builtin-library-memcmp> line 25 function memcmp thread 0
Unwinding loop memcmp.0 iteration 2624 file <builtin-library-memcmp> line 25 function memcmp thread 0
Unwinding loop memcmp.0 iteration 2625 file <builtin-library-memcmp> line 25 function memcmp thread 0
Unwinding loop memcmp.0 iteration 2626 file <builtin-library-memcmp> line 25 function memcmp thread 0
Unwinding loop memcmp.0 iteration 2627 file <builtin-library-memcmp> line 25 function memcmp thread 0
Unwinding loop memcmp.0 iteration 2628 file <builtin-library-memcmp> line 25 function memcmp thread 0
Unwinding loop memcmp.0 iteration 2629 file <builtin-library-memcmp> line 25 function memcmp thread 0
Unwinding loop memcmp.0 iteration 2630 file <builtin-library-memcmp> line 25 function memcmp thread 0
Unwinding loop memcmp.0 iteration 2631 file <builtin-library-memcmp> line 25 function memcmp thread 0
Unwinding loop memcmp.0 iteration 2632 file <builtin-library-memcmp> line 25 function memcmp thread 0
Unwinding loop memcmp.0 iteration 2633 file <builtin-library-memcmp> line 25 function memcmp thread 0
Unwinding loop memcmp.0 iteration 2634 file <builtin-library-memcmp> line 25 function memcmp thread 0
Unwinding loop memcmp.0 iteration 2635 file <builtin-library-memcmp> line 25 function memcmp thread 0
Unwinding loop memcmp.0 iteration 2636 file <builtin-library-memcmp> line 25 function memcmp thread 0
Unwinding loop memcmp.0 iteration 2637 file <builtin-library-memcmp> line 25 function memcmp thread 0
Unwinding loop memcmp.0 iteration 2638 file <builtin-library-memcmp> line 25 function memcmp thread 0
Unwinding loop memcmp.0 iteration 2639 file <builtin-library-memcmp> line 25 function memcmp thread 0
Unwinding loop memcmp.0 iteration 2640 file <builtin-library-memcmp> line 25 function memcmp thread 0
Unwinding loop memcmp.0 iteration 2641 file <builtin-library-memcmp> line 25 function memcmp thread 0
Unwinding loop memcmp.0 iteration 2642 file <builtin-library-memcmp> line 25 function memcmp thread 0
Unwinding loop memcmp.0 iteration 2643 file <builtin-library-memcmp> line 25 function memcmp thread 0
Unwinding loop memcmp.0 iteration 2644 file <builtin-library-memcmp> line 25 function memcmp thread 0
Unwinding loop memcmp.0 iteration 2645 file <builtin-library-memcmp> line 25 function memcmp thread 0
Unwinding loop memcmp.0 iteration 2646 file <builtin-library-memcmp> line 25 function memcmp thread 0
Unwinding loop memcmp.0 iteration 2647 file <builtin-library-memcmp> line 25 function memcmp thread 0
Unwinding loop memcmp.0 iteration 2648 file <builtin-library-memcmp> line 25 function memcmp thread 0
Unwinding loop memcmp.0 iteration 2649 file <builtin-library-memcmp> line 25 function memcmp thread 0
Unwinding loop memcmp.0 iteration 2650 file <builtin-library-memcmp> line 25 function memcmp thread 0
Unwinding loop memcmp.0 iteration 2651 file <builtin-library-memcmp> line 25 function memcmp thread 0
Unwinding loop memcmp.0 iteration 2652 file <builtin-library-memcmp> line 25 function memcmp thread 0
Unwinding loop memcmp.0 iteration 2653 file <builtin-library-memcmp> line 25 function memcmp thread 0
Unwinding loop memcmp.0 iteration 2654 file <builtin-library-memcmp> line 25 function memcmp thread 0
Unwinding loop memcmp.0 iteration 2655 file <builtin-library-memcmp> line 25 function memcmp thread 0
Unwinding loop memcmp.0 iteration 2656 file <builtin-library-memcmp> line 25 function memcmp thread 0
Unwinding loop memcmp.0 iteration 2657 file <builtin-library-memcmp> line 25 function memcmp thread 0
Unwinding loop memcmp.0 iteration 2658 file <builtin-library-memcmp> line 25 function memcmp thread 0
Unwinding loop memcmp.0 iteration 2659 file <builtin-library-memcmp> line 25 function memcmp thread 0
Unwinding loop memcmp.0 iteration 2660 file <builtin-library-memcmp> line 25 function memcmp thread 0
Unwinding loop memcmp.0 iteration 2661 file <builtin-library-memcmp> line 25 function memcmp thread 0
Unwinding loop memcmp.0 iteration 2662 file <builtin-library-memcmp> line 25 function memcmp thread 0
Unwinding loop memcmp.0 iteration 2663 file <builtin-library-memcmp> line 25 function memcmp thread 0
Unwinding loop memcmp.0 iteration 2664 file <builtin-library-memcmp> line 25 function memcmp thread 0
Unwinding loop memcmp.0 iteration 2665 file <builtin-library-memcmp> line 25 function memcmp thread 0
Unwinding loop memcmp.0 iteration 2666 file <builtin-library-memcmp> line 25 function memcmp thread 0
Unwinding loop memcmp.0 iteration 2667 file <builtin-library-memcmp> line 25 function memcmp thread 0
Unwinding loop memcmp.0 iteration 2668 file <builtin-library-memcmp> line 25 function memcmp thread 0
Unwinding loop memcmp.0 iteration 2669 file <builtin-library-memcmp> line 25 function memcmp thread 0
Unwinding loop memcmp.0 iteration 2670 file <builtin-library-memcmp> line 25 function memcmp thread 0
Unwinding loop memcmp.0 iteration 2671 file <builtin-library-memcmp> line 25 function memcmp thread 0
Unwinding loop memcmp.0 iteration 2672 file <builtin-library-memcmp> line 25 function memcmp thread 0
Unwinding loop memcmp.0 iteration 2673 file <builtin-library-memcmp> line 25 function memcmp thread 0
Unwinding loop memcmp.0 iteration 2674 file <builtin-library-memcmp> line 25 function memcmp thread 0
Unwinding loop memcmp.0 iteration 2675 file <builtin-library-memcmp> line 25 function memcmp thread 0
Unwinding loop memcmp.0 iteration 2676 file <builtin-library-memcmp> line 25 function memcmp thread 0
Unwinding loop memcmp.0 iteration 2677 file <builtin-library-memcmp> line 25 function memcmp thread 0
Unwinding loop memcmp.0 iteration 2678 file <builtin-library-memcmp> line 25 function memcmp thread 0
Unwinding loop memcmp.0 iteration 2679 file <builtin-library-memcmp> line 25 function memcmp thread 0
Unwinding loop memcmp.0 iteration 2680 file <builtin-library-memcmp> line 25 function memcmp thread 0
Unwinding loop memcmp.0 iteration 2681 file <builtin-library-memcmp> line 25 function memcmp thread 0
Unwinding loop memcmp.0 iteration 2682 file <builtin-library-memcmp> line 25 function memcmp thread 0
Unwinding loop memcmp.0 iteration 2683 file <builtin-library-memcmp> line 25 function memcmp thread 0
Unwinding loop memcmp.0 iteration 2684 file <builtin-library-memcmp> line 25 function memcmp thread 0
Unwinding loop memcmp.0 iteration 2685 file <builtin-library-memcmp> line 25 function memcmp thread 0
Unwinding loop memcmp.0 iteration 2686 file <builtin-library-memcmp> line 25 function memcmp thread 0
Unwinding loop memcmp.0 iteration 2687 file <builtin-library-memcmp> line 25 function memcmp thread 0
Unwinding loop memcmp.0 iteration 2688 file <builtin-library-memcmp> line 25 function memcmp thread 0
Unwinding loop memcmp.0 iteration 2689 file <builtin-library-memcmp> line 25 function memcmp thread 0
Unwinding loop memcmp.0 iteration 2690 file <builtin-library-memcmp> line 25 function memcmp thread 0
Unwinding loop memcmp.0 iteration 2691 file <builtin-library-memcmp> line 25 function memcmp thread 0
Unwinding loop memcmp.0 iteration 2692 file <builtin-library-memcmp> line 25 function memcmp thread 0
Unwinding loop memcmp.0 iteration 2693 file <builtin-library-memcmp> line 25 function memcmp thread 0
Unwinding loop memcmp.0 iteration 2694 file <builtin-library-memcmp> line 25 function memcmp thread 0
Unwinding loop memcmp.0 iteration 2695 file <builtin-library-memcmp> line 25 function memcmp thread 0
Unwinding loop memcmp.0 iteration 2696 file <builtin-library-memcmp> line 25 function memcmp thread 0
Unwinding loop memcmp.0 iteration 2697 file <builtin-library-memcmp> line 25 function memcmp thread 0
Unwinding loop memcmp.0 iteration 2698 file <builtin-library-memcmp> line 25 function memcmp thread 0
Unwinding loop memcmp.0 iteration 2699 file <builtin-library-memcmp> line 25 function memcmp thread 0
Unwinding loop memcmp.0 iteration 2700 file <builtin-library-memcmp> line 25 function memcmp thread 0
Unwinding loop memcmp.0 iteration 2701 file <builtin-library-memcmp> line 25 function memcmp thread 0
Unwinding loop memcmp.0 iteration 2702 file <builtin-library-memcmp> line 25 function memcmp thread 0
Unwinding loop memcmp.0 iteration 2703 file <builtin-library-memcmp> line 25 function memcmp thread 0
Unwinding loop memcmp.0 iteration 2704 file <builtin-library-memcmp> line 25 function memcmp thread 0
Unwinding loop memcmp.0 iteration 2705 file <builtin-library-memcmp> line 25 function memcmp thread 0
Unwinding loop memcmp.0 iteration 2706 file <builtin-library-memcmp> line 25 function memcmp thread 0
Unwinding loop memcmp.0 iteration 2707 file <builtin-library-memcmp> line 25 function memcmp thread 0
Unwinding loop memcmp.0 iteration 2708 file <builtin-library-memcmp> line 25 function memcmp thread 0
Unwinding loop memcmp.0 iteration 2709 file <builtin-library-memcmp> line 25 function memcmp thread 0
Unwinding loop memcmp.0 iteration 2710 file <builtin-library-memcmp> line 25 function memcmp thread 0
Unwinding loop memcmp.0 iteration 2711 file <builtin-library-memcmp> line 25 function memcmp thread 0
Unwinding loop memcmp.0 iteration 2712 file <builtin-library-memcmp> line 25 function memcmp thread 0
Unwinding loop memcmp.0 iteration 2713 file <builtin-library-memcmp> line 25 function memcmp thread 0
Unwinding loop memcmp.0 iteration 2714 file <builtin-library-memcmp> line 25 function memcmp thread 0
Unwinding loop memcmp.0 iteration 2715 file <builtin-library-memcmp> line 25 function memcmp thread 0
Unwinding loop memcmp.0 iteration 2716 file <builtin-library-memcmp> line 25 function memcmp thread 0
Unwinding loop memcmp.0 iteration 2717 file <builtin-library-memcmp> line 25 function memcmp thread 0
Unwinding loop memcmp.0 iteration 2718 file <builtin-library-memcmp> line 25 function memcmp thread 0
Unwinding loop memcmp.0 iteration 2719 file <builtin-library-memcmp> line 25 function memcmp thread 0
Unwinding loop memcmp.0 iteration 2720 file <builtin-library-memcmp> line 25 function memcmp thread 0
Unwinding loop memcmp.0 iteration 2721 file <builtin-library-memcmp> line 25 function memcmp thread 0
Unwinding loop memcmp.0 iteration 2722 file <builtin-library-memcmp> line 25 function memcmp thread 0
Unwinding loop memcmp.0 iteration 2723 file <builtin-library-memcmp> line 25 function memcmp thread 0
Unwinding loop memcmp.0 iteration 2724 file <builtin-library-memcmp> line 25 function memcmp thread 0
Unwinding loop memcmp.0 iteration 2725 file <builtin-library-memcmp> line 25 function memcmp thread 0
Unwinding loop memcmp.0 iteration 2726 file <builtin-library-memcmp> line 25 function memcmp thread 0
Unwinding loop memcmp.0 iteration 2727 file <builtin-library-memcmp> line 25 function memcmp thread 0
Unwinding loop memcmp.0 iteration 2728 file <builtin-library-memcmp> line 25 function memcmp thread 0
Unwinding loop memcmp.0 iteration 2729 file <builtin-library-memcmp> line 25 function memcmp thread 0
Unwinding loop memcmp.0 iteration 2730 file <builtin-library-memcmp> line 25 function memcmp thread 0
Unwinding loop memcmp.0 iteration 2731 file <builtin-library-memcmp> line 25 function memcmp thread 0
Unwinding loop memcmp.0 iteration 2732 file <builtin-library-memcmp> line 25 function memcmp thread 0
Unwinding loop memcmp.0 iteration 2733 file <builtin-library-memcmp> line 25 function memcmp thread 0
Unwinding loop memcmp.0 iteration 2734 file <builtin-library-memcmp> line 25 function memcmp thread 0
Unwinding loop memcmp.0 iteration 2735 file <builtin-library-memcmp> line 25 function memcmp thread 0
Unwinding loop memcmp.0 iteration 2736 file <builtin-library-memcmp> line 25 function memcmp thread 0
Unwinding loop memcmp.0 iteration 2737 file <builtin-library-memcmp> line 25 function memcmp thread 0
Unwinding loop memcmp.0 iteration 2738 file <builtin-library-memcmp> line 25 function memcmp thread 0
Unwinding loop memcmp.0 iteration 2739 file <builtin-library-memcmp> line 25 function memcmp thread 0
Unwinding loop memcmp.0 iteration 2740 file <builtin-library-memcmp> line 25 function memcmp thread 0
Unwinding loop memcmp.0 iteration 2741 file <builtin-library-memcmp> line 25 function memcmp thread 0
Unwinding loop memcmp.0 iteration 2742 file <builtin-library-memcmp> line 25 function memcmp thread 0
Unwinding loop memcmp.0 iteration 2743 file <builtin-library-memcmp> line 25 function memcmp thread 0
Unwinding loop memcmp.0 iteration 2744 file <builtin-library-memcmp> line 25 function memcmp thread 0
Unwinding loop memcmp.0 iteration 2745 file <builtin-library-memcmp> line 25 function memcmp thread 0
Unwinding loop memcmp.0 iteration 2746 file <builtin-library-memcmp> line 25 function memcmp thread 0
Unwinding loop memcmp.0 iteration 2747 file <builtin-library-memcmp> line 25 function memcmp thread 0
Unwinding loop memcmp.0 iteration 2748 file <builtin-library-memcmp> line 25 function memcmp thread 0
Unwinding loop memcmp.0 iteration 2749 file <builtin-library-memcmp> line 25 function memcmp thread 0
Unwinding loop memcmp.0 iteration 2750 file <builtin-library-memcmp> line 25 function memcmp thread 0
Unwinding loop memcmp.0 iteration 2751 file <builtin-library-memcmp> line 25 function memcmp thread 0
Unwinding loop memcmp.0 iteration 2752 file <builtin-library-memcmp> line 25 function memcmp thread 0
Unwinding loop memcmp.0 iteration 2753 file <builtin-library-memcmp> line 25 function memcmp thread 0
Unwinding loop memcmp.0 iteration 2754 file <builtin-library-memcmp> line 25 function memcmp thread 0
Unwinding loop memcmp.0 iteration 2755 file <builtin-library-memcmp> line 25 function memcmp thread 0
Unwinding loop memcmp.0 iteration 2756 file <builtin-library-memcmp> line 25 function memcmp thread 0
Unwinding loop memcmp.0 iteration 2757 file <builtin-library-memcmp> line 25 function memcmp thread 0
Unwinding loop memcmp.0 iteration 2758 file <builtin-library-memcmp> line 25 function memcmp thread 0
Unwinding loop memcmp.0 iteration 2759 file <builtin-library-memcmp> line 25 function memcmp thread 0
Unwinding loop memcmp.0 iteration 2760 file <builtin-library-memcmp> line 25 function memcmp thread 0
Unwinding loop memcmp.0 iteration 2761 file <builtin-library-memcmp> line 25 function memcmp thread 0
Unwinding loop memcmp.0 iteration 2762 file <builtin-library-memcmp> line 25 function memcmp thread 0
Unwinding loop memcmp.0 iteration 2763 file <builtin-library-memcmp> line 25 function memcmp thread 0
Unwinding loop memcmp.0 iteration 2764 file <builtin-library-memcmp> line 25 function memcmp thread 0
Unwinding loop memcmp.0 iteration 2765 file <builtin-library-memcmp> line 25 function memcmp thread 0
Unwinding loop memcmp.0 iteration 2766 file <builtin-library-memcmp> line 25 function memcmp thread 0
Unwinding loop memcmp.0 iteration 2767 file <builtin-library-memcmp> line 25 function memcmp thread 0
Unwinding loop memcmp.0 iteration 2768 file <builtin-library-memcmp> line 25 function memcmp thread 0
Unwinding loop memcmp.0 iteration 2769 file <builtin-library-memcmp> line 25 function memcmp thread 0
Unwinding loop memcmp.0 iteration 2770 file <builtin-library-memcmp> line 25 function memcmp thread 0
Unwinding loop memcmp.0 iteration 2771 file <builtin-library-memcmp> line 25 function memcmp thread 0
Unwinding loop memcmp.0 iteration 2772 file <builtin-library-memcmp> line 25 function memcmp thread 0
Unwinding loop memcmp.0 iteration 2773 file <builtin-library-memcmp> line 25 function memcmp thread 0
Unwinding loop memcmp.0 iteration 2774 file <builtin-library-memcmp> line 25 function memcmp thread 0
Unwinding loop memcmp.0 iteration 2775 file <builtin-library-memcmp> line 25 function memcmp thread 0
Unwinding loop memcmp.0 iteration 2776 file <builtin-library-memcmp> line 25 function memcmp thread 0
Unwinding loop memcmp.0 iteration 2777 file <builtin-library-memcmp> line 25 function memcmp thread 0
Unwinding loop memcmp.0 iteration 2778 file <builtin-library-memcmp> line 25 function memcmp thread 0
Unwinding loop memcmp.0 iteration 2779 file <builtin-library-memcmp> line 25 function memcmp thread 0
Unwinding loop memcmp.0 iteration 2780 file <builtin-library-memcmp> line 25 function memcmp thread 0
Unwinding loop memcmp.0 iteration 2781 file <builtin-library-memcmp> line 25 function memcmp thread 0
Unwinding loop memcmp.0 iteration 2782 file <builtin-library-memcmp> line 25 function memcmp thread 0
Unwinding loop memcmp.0 iteration 2783 file <builtin-library-memcmp> line 25 function memcmp thread 0
Unwinding loop memcmp.0 iteration 2784 file <builtin-library-memcmp> line 25 function memcmp thread 0
Unwinding loop memcmp.0 iteration 2785 file <builtin-library-memcmp> line 25 function memcmp thread 0
Unwinding loop memcmp.0 iteration 2786 file <builtin-library-memcmp> line 25 function memcmp thread 0
Unwinding loop memcmp.0 iteration 2787 file <builtin-library-memcmp> line 25 function memcmp thread 0
Unwinding loop memcmp.0 iteration 2788 file <builtin-library-memcmp> line 25 function memcmp thread 0
Unwinding loop memcmp.0 iteration 2789 file <builtin-library-memcmp> line 25 function memcmp thread 0
Unwinding loop memcmp.0 iteration 2790 file <builtin-library-memcmp> line 25 function memcmp thread 0
Unwinding loop memcmp.0 iteration 2791 file <builtin-library-memcmp> line 25 function memcmp thread 0
Unwinding loop memcmp.0 iteration 2792 file <builtin-library-memcmp> line 25 function memcmp thread 0
Unwinding loop memcmp.0 iteration 2793 file <builtin-library-memcmp> line 25 function memcmp thread 0
Unwinding loop memcmp.0 iteration 2794 file <builtin-library-memcmp> line 25 function memcmp thread 0
Unwinding loop memcmp.0 iteration 2795 file <builtin-library-memcmp> line 25 function memcmp thread 0
Unwinding loop memcmp.0 iteration 2796 file <builtin-library-memcmp> line 25 function memcmp thread 0
Unwinding loop memcmp.0 iteration 2797 file <builtin-library-memcmp> line 25 function memcmp thread 0
Unwinding loop memcmp.0 iteration 2798 file <builtin-library-memcmp> line 25 function memcmp thread 0
Unwinding loop memcmp.0 iteration 2799 file <builtin-library-memcmp> line 25 function memcmp thread 0
Unwinding loop memcmp.0 iteration 2800 file <builtin-library-memcmp> line 25 function memcmp thread 0
Unwinding loop memcmp.0 iteration 2801 file <builtin-library-memcmp> line 25 function memcmp thread 0
Unwinding loop memcmp.0 iteration 2802 file <builtin-library-memcmp> line 25 function memcmp thread 0
Unwinding loop memcmp.0 iteration 2803 file <builtin-library-memcmp> line 25 function memcmp thread 0
Unwinding loop memcmp.0 iteration 2804 file <builtin-library-memcmp> line 25 function memcmp thread 0
Unwinding loop memcmp.0 iteration 2805 file <builtin-library-memcmp> line 25 function memcmp thread 0
Unwinding loop memcmp.0 iteration 2806 file <builtin-library-memcmp> line 25 function memcmp thread 0
Unwinding loop memcmp.0 iteration 2807 file <builtin-library-memcmp> line 25 function memcmp thread 0
Unwinding loop memcmp.0 iteration 2808 file <builtin-library-memcmp> line 25 function memcmp thread 0
Unwinding loop memcmp.0 iteration 2809 file <builtin-library-memcmp> line 25 function memcmp thread 0
Unwinding loop memcmp.0 iteration 2810 file <builtin-library-memcmp> line 25 function memcmp thread 0
Unwinding loop memcmp.0 iteration 2811 file <builtin-library-memcmp> line 25 function memcmp thread 0
Unwinding loop memcmp.0 iteration 2812 file <builtin-library-memcmp> line 25 function memcmp thread 0
Unwinding loop memcmp.0 iteration 2813 file <builtin-library-memcmp> line 25 function memcmp thread 0
Unwinding loop memcmp.0 iteration 2814 file <builtin-library-memcmp> line 25 function memcmp thread 0
Unwinding loop memcmp.0 iteration 2815 file <builtin-library-memcmp> line 25 function memcmp thread 0
Unwinding loop memcmp.0 iteration 2816 file <builtin-library-memcmp> line 25 function memcmp thread 0
Unwinding loop memcmp.0 iteration 2817 file <builtin-library-memcmp> line 25 function memcmp thread 0
Unwinding loop memcmp.0 iteration 2818 file <builtin-library-memcmp> line 25 function memcmp thread 0
Unwinding loop memcmp.0 iteration 2819 file <builtin-library-memcmp> line 25 function memcmp thread 0
Unwinding loop memcmp.0 iteration 2820 file <builtin-library-memcmp> line 25 function memcmp thread 0
Unwinding loop memcmp.0 iteration 2821 file <builtin-library-memcmp> line 25 function memcmp thread 0
Unwinding loop memcmp.0 iteration 2822 file <builtin-library-memcmp> line 25 function memcmp thread 0
Unwinding loop memcmp.0 iteration 2823 file <builtin-library-memcmp> line 25 function memcmp thread 0
Unwinding loop memcmp.0 iteration 2824 file <builtin-library-memcmp> line 25 function memcmp thread 0
Unwinding loop memcmp.0 iteration 2825 file <builtin-library-memcmp> line 25 function memcmp thread 0
Unwinding loop memcmp.0 iteration 2826 file <builtin-library-memcmp> line 25 function memcmp thread 0
Unwinding loop memcmp.0 iteration 2827 file <builtin-library-memcmp> line 25 function memcmp thread 0
Unwinding loop memcmp.0 iteration 2828 file <builtin-library-memcmp> line 25 function memcmp thread 0
Unwinding loop memcmp.0 iteration 2829 file <builtin-library-memcmp> line 25 function memcmp thread 0
Unwinding loop memcmp.0 iteration 2830 file <builtin-library-memcmp> line 25 function memcmp thread 0
Unwinding loop memcmp.0 iteration 2831 file <builtin-library-memcmp> line 25 function memcmp thread 0
Unwinding loop memcmp.0 iteration 2832 file <builtin-library-memcmp> line 25 function memcmp thread 0
Unwinding loop memcmp.0 iteration 2833 file <builtin-library-memcmp> line 25 function memcmp thread 0
Unwinding loop memcmp.0 iteration 2834 file <builtin-library-memcmp> line 25 function memcmp thread 0
Unwinding loop memcmp.0 iteration 2835 file <builtin-library-memcmp> line 25 function memcmp thread 0
Unwinding loop memcmp.0 iteration 2836 file <builtin-library-memcmp> line 25 function memcmp thread 0
Unwinding loop memcmp.0 iteration 2837 file <builtin-library-memcmp> line 25 function memcmp thread 0
Unwinding loop memcmp.0 iteration 2838 file <builtin-library-memcmp> line 25 function memcmp thread 0
Unwinding loop memcmp.0 iteration 2839 file <builtin-library-memcmp> line 25 function memcmp thread 0
Unwinding loop memcmp.0 iteration 2840 file <builtin-library-memcmp> line 25 function memcmp thread 0
Unwinding loop memcmp.0 iteration 2841 file <builtin-library-memcmp> line 25 function memcmp thread 0
Unwinding loop memcmp.0 iteration 2842 file <builtin-library-memcmp> line 25 function memcmp thread 0
Unwinding loop memcmp.0 iteration 2843 file <builtin-library-memcmp> line 25 function memcmp thread 0
Unwinding loop memcmp.0 iteration 2844 file <builtin-library-memcmp> line 25 function memcmp thread 0
Unwinding loop memcmp.0 iteration 2845 file <builtin-library-memcmp> line 25 function memcmp thread 0
Unwinding loop memcmp.0 iteration 2846 file <builtin-library-memcmp> line 25 function memcmp thread 0
Unwinding loop memcmp.0 iteration 2847 file <builtin-library-memcmp> line 25 function memcmp thread 0
Unwinding loop memcmp.0 iteration 2848 file <builtin-library-memcmp> line 25 function memcmp thread 0
Unwinding loop memcmp.0 iteration 2849 file <builtin-library-memcmp> line 25 function memcmp thread 0
Unwinding loop memcmp.0 iteration 2850 file <builtin-library-memcmp> line 25 function memcmp thread 0
Unwinding loop memcmp.0 iteration 2851 file <builtin-library-memcmp> line 25 function memcmp thread 0
Unwinding loop memcmp.0 iteration 2852 file <builtin-library-memcmp> line 25 function memcmp thread 0
Unwinding loop memcmp.0 iteration 2853 file <builtin-library-memcmp> line 25 function memcmp thread 0
Unwinding loop memcmp.0 iteration 2854 file <builtin-library-memcmp> line 25 function memcmp thread 0
Unwinding loop memcmp.0 iteration 2855 file <builtin-library-memcmp> line 25 function memcmp thread 0
Unwinding loop memcmp.0 iteration 2856 file <builtin-library-memcmp> line 25 function memcmp thread 0
Unwinding loop memcmp.0 iteration 2857 file <builtin-library-memcmp> line 25 function memcmp thread 0
Unwinding loop memcmp.0 iteration 2858 file <builtin-library-memcmp> line 25 function memcmp thread 0
Unwinding loop memcmp.0 iteration 2859 file <builtin-library-memcmp> line 25 function memcmp thread 0
Unwinding loop memcmp.0 iteration 2860 file <builtin-library-memcmp> line 25 function memcmp thread 0
Unwinding loop memcmp.0 iteration 2861 file <builtin-library-memcmp> line 25 function memcmp thread 0
Unwinding loop memcmp.0 iteration 2862 file <builtin-library-memcmp> line 25 function memcmp thread 0
Unwinding loop memcmp.0 iteration 2863 file <builtin-library-memcmp> line 25 function memcmp thread 0
Unwinding loop memcmp.0 iteration 2864 file <builtin-library-memcmp> line 25 function memcmp thread 0
Unwinding loop memcmp.0 iteration 2865 file <builtin-library-memcmp> line 25 function memcmp thread 0
Unwinding loop memcmp.0 iteration 2866 file <builtin-library-memcmp> line 25 function memcmp thread 0
Unwinding loop memcmp.0 iteration 2867 file <builtin-library-memcmp> line 25 function memcmp thread 0
Unwinding loop memcmp.0 iteration 2868 file <builtin-library-memcmp> line 25 function memcmp thread 0
Unwinding loop memcmp.0 iteration 2869 file <builtin-library-memcmp> line 25 function memcmp thread 0
Unwinding loop memcmp.0 iteration 2870 file <builtin-library-memcmp> line 25 function memcmp thread 0
Unwinding loop memcmp.0 iteration 2871 file <builtin-library-memcmp> line 25 function memcmp thread 0
Unwinding loop memcmp.0 iteration 2872 file <builtin-library-memcmp> line 25 function memcmp thread 0
Unwinding loop memcmp.0 iteration 2873 file <builtin-library-memcmp> line 25 function memcmp thread 0
Unwinding loop memcmp.0 iteration 2874 file <builtin-library-memcmp> line 25 function memcmp thread 0
Unwinding loop memcmp.0 iteration 2875 file <builtin-library-memcmp> line 25 function memcmp thread 0
Unwinding loop memcmp.0 iteration 2876 file <builtin-library-memcmp> line 25 function memcmp thread 0
Unwinding loop memcmp.0 iteration 2877 file <builtin-library-memcmp> line 25 function memcmp thread 0
Unwinding loop memcmp.0 iteration 2878 file <builtin-library-memcmp> line 25 function memcmp thread 0
Unwinding loop memcmp.0 iteration 2879 file <builtin-library-memcmp> line 25 function memcmp thread 0
Unwinding loop memcmp.0 iteration 2880 file <builtin-library-memcmp> line 25 function memcmp thread 0
Unwinding loop memcmp.0 iteration 2881 file <builtin-library-memcmp> line 25 function memcmp thread 0
Unwinding loop memcmp.0 iteration 2882 file <builtin-library-memcmp> line 25 function memcmp thread 0
Unwinding loop memcmp.0 iteration 2883 file <builtin-library-memcmp> line 25 function memcmp thread 0
Unwinding loop memcmp.0 iteration 2884 file <builtin-library-memcmp> line 25 function memcmp thread 0
Unwinding loop memcmp.0 iteration 2885 file <builtin-library-memcmp> line 25 function memcmp thread 0
Unwinding loop memcmp.0 iteration 2886 file <builtin-library-memcmp> line 25 function memcmp thread 0
Unwinding loop memcmp.0 iteration 2887 file <builtin-library-memcmp> line 25 function memcmp thread 0
Unwinding loop memcmp.0 iteration 2888 file <builtin-library-memcmp> line 25 function memcmp thread 0
Unwinding loop memcmp.0 iteration 2889 file <builtin-library-memcmp> line 25 function memcmp thread 0
Unwinding loop memcmp.0 iteration 2890 file <builtin-library-memcmp> line 25 function memcmp thread 0
Unwinding loop memcmp.0 iteration 2891 file <builtin-library-memcmp> line 25 function memcmp thread 0
Unwinding loop memcmp.0 iteration 2892 file <builtin-library-memcmp> line 25 function memcmp thread 0
Unwinding loop memcmp.0 iteration 2893 file <builtin-library-memcmp> line 25 function memcmp thread 0
Unwinding loop memcmp.0 iteration 2894 file <builtin-library-memcmp> line 25 function memcmp thread 0
Unwinding loop memcmp.0 iteration 2895 file <builtin-library-memcmp> line 25 function memcmp thread 0
Unwinding loop memcmp.0 iteration 2896 file <builtin-library-memcmp> line 25 function memcmp thread 0
Unwinding loop memcmp.0 iteration 2897 file <builtin-library-memcmp> line 25 function memcmp thread 0
Unwinding loop memcmp.0 iteration 2898 file <builtin-library-memcmp> line 25 function memcmp thread 0
Unwinding loop memcmp.0 iteration 2899 file <builtin-library-memcmp> line 25 function memcmp thread 0
Unwinding loop memcmp.0 iteration 2900 file <builtin-library-memcmp> line 25 function memcmp thread 0
Unwinding loop memcmp.0 iteration 2901 file <builtin-library-memcmp> line 25 function memcmp thread 0
Unwinding loop memcmp.0 iteration 2902 file <builtin-library-memcmp> line 25 function memcmp thread 0
Unwinding loop memcmp.0 iteration 2903 file <builtin-library-memcmp> line 25 function memcmp thread 0
Unwinding loop memcmp.0 iteration 2904 file <builtin-library-memcmp> line 25 function memcmp thread 0
Unwinding loop memcmp.0 iteration 2905 file <builtin-library-memcmp> line 25 function memcmp thread 0
Unwinding loop memcmp.0 iteration 2906 file <builtin-library-memcmp> line 25 function memcmp thread 0
Unwinding loop memcmp.0 iteration 2907 file <builtin-library-memcmp> line 25 function memcmp thread 0
Unwinding loop memcmp.0 iteration 2908 file <builtin-library-memcmp> line 25 function memcmp thread 0
Unwinding loop memcmp.0 iteration 2909 file <builtin-library-memcmp> line 25 function memcmp thread 0
Unwinding loop memcmp.0 iteration 2910 file <builtin-library-memcmp> line 25 function memcmp thread 0
Unwinding loop memcmp.0 iteration 2911 file <builtin-library-memcmp> line 25 function memcmp thread 0
Unwinding loop memcmp.0 iteration 2912 file <builtin-library-memcmp> line 25 function memcmp thread 0
Unwinding loop memcmp.0 iteration 2913 file <builtin-library-memcmp> line 25 function memcmp thread 0
Unwinding loop memcmp.0 iteration 2914 file <builtin-library-memcmp> line 25 function memcmp thread 0
Unwinding loop memcmp.0 iteration 2915 file <builtin-library-memcmp> line 25 function memcmp thread 0
Unwinding loop memcmp.0 iteration 2916 file <builtin-library-memcmp> line 25 function memcmp thread 0
Unwinding loop memcmp.0 iteration 2917 file <builtin-library-memcmp> line 25 function memcmp thread 0
Unwinding loop memcmp.0 iteration 2918 file <builtin-library-memcmp> line 25 function memcmp thread 0
Unwinding loop memcmp.0 iteration 2919 file <builtin-library-memcmp> line 25 function memcmp thread 0
Unwinding loop memcmp.0 iteration 2920 file <builtin-library-memcmp> line 25 function memcmp thread 0
Unwinding loop memcmp.0 iteration 2921 file <builtin-library-memcmp> line 25 function memcmp thread 0
Unwinding loop memcmp.0 iteration 2922 file <builtin-library-memcmp> line 25 function memcmp thread 0
Unwinding loop memcmp.0 iteration 2923 file <builtin-library-memcmp> line 25 function memcmp thread 0
Unwinding loop memcmp.0 iteration 2924 file <builtin-library-memcmp> line 25 function memcmp thread 0
Unwinding loop memcmp.0 iteration 2925 file <builtin-library-memcmp> line 25 function memcmp thread 0
Unwinding loop memcmp.0 iteration 2926 file <builtin-library-memcmp> line 25 function memcmp thread 0
Unwinding loop memcmp.0 iteration 2927 file <builtin-library-memcmp> line 25 function memcmp thread 0
Unwinding loop memcmp.0 iteration 2928 file <builtin-library-memcmp> line 25 function memcmp thread 0
Unwinding loop memcmp.0 iteration 2929 file <builtin-library-memcmp> line 25 function memcmp thread 0
Unwinding loop memcmp.0 iteration 2930 file <builtin-library-memcmp> line 25 function memcmp thread 0
Unwinding loop memcmp.0 iteration 2931 file <builtin-library-memcmp> line 25 function memcmp thread 0
Unwinding loop memcmp.0 iteration 2932 file <builtin-library-memcmp> line 25 function memcmp thread 0
Unwinding loop memcmp.0 iteration 2933 file <builtin-library-memcmp> line 25 function memcmp thread 0
Unwinding loop memcmp.0 iteration 2934 file <builtin-library-memcmp> line 25 function memcmp thread 0
Unwinding loop memcmp.0 iteration 2935 file <builtin-library-memcmp> line 25 function memcmp thread 0
Unwinding loop memcmp.0 iteration 2936 file <builtin-library-memcmp> line 25 function memcmp thread 0
Unwinding loop memcmp.0 iteration 2937 file <builtin-library-memcmp> line 25 function memcmp thread 0
Unwinding loop memcmp.0 iteration 2938 file <builtin-library-memcmp> line 25 function memcmp thread 0
Unwinding loop memcmp.0 iteration 2939 file <builtin-library-memcmp> line 25 function memcmp thread 0
Unwinding loop memcmp.0 iteration 2940 file <builtin-library-memcmp> line 25 function memcmp thread 0
Unwinding loop memcmp.0 iteration 2941 file <builtin-library-memcmp> line 25 function memcmp thread 0
Unwinding loop memcmp.0 iteration 2942 file <builtin-library-memcmp> line 25 function memcmp thread 0
Unwinding loop memcmp.0 iteration 2943 file <builtin-library-memcmp> line 25 function memcmp thread 0
Unwinding loop memcmp.0 iteration 2944 file <builtin-library-memcmp> line 25 function memcmp thread 0
Unwinding loop memcmp.0 iteration 2945 file <builtin-library-memcmp> line 25 function memcmp thread 0
Unwinding loop memcmp.0 iteration 2946 file <builtin-library-memcmp> line 25 function memcmp thread 0
Unwinding loop memcmp.0 iteration 2947 file <builtin-library-memcmp> line 25 function memcmp thread 0
Unwinding loop memcmp.0 iteration 2948 file <builtin-library-memcmp> line 25 function memcmp thread 0
Unwinding loop memcmp.0 iteration 2949 file <builtin-library-memcmp> line 25 function memcmp thread 0
Unwinding loop memcmp.0 iteration 2950 file <builtin-library-memcmp> line 25 function memcmp thread 0
Unwinding loop memcmp.0 iteration 2951 file <builtin-library-memcmp> line 25 function memcmp thread 0
Unwinding loop memcmp.0 iteration 2952 file <builtin-library-memcmp> line 25 function memcmp thread 0
Unwinding loop memcmp.0 iteration 2953 file <builtin-library-memcmp> line 25 function memcmp thread 0
Unwinding loop memcmp.0 iteration 2954 file <builtin-library-memcmp> line 25 function memcmp thread 0
Unwinding loop memcmp.0 iteration 2955 file <builtin-library-memcmp> line 25 function memcmp thread 0
Unwinding loop memcmp.0 iteration 2956 file <builtin-library-memcmp> line 25 function memcmp thread 0
Unwinding loop memcmp.0 iteration 2957 file <builtin-library-memcmp> line 25 function memcmp thread 0
Unwinding loop memcmp.0 iteration 2958 file <builtin-library-memcmp> line 25 function memcmp thread 0
Unwinding loop memcmp.0 iteration 2959 file <builtin-library-memcmp> line 25 function memcmp thread 0
Unwinding loop memcmp.0 iteration 2960 file <builtin-library-memcmp> line 25 function memcmp thread 0
Unwinding loop memcmp.0 iteration 2961 file <builtin-library-memcmp> line 25 function memcmp thread 0
Unwinding loop memcmp.0 iteration 2962 file <builtin-library-memcmp> line 25 function memcmp thread 0
Unwinding loop memcmp.0 iteration 2963 file <builtin-library-memcmp> line 25 function memcmp thread 0
Unwinding loop memcmp.0 iteration 2964 file <builtin-library-memcmp> line 25 function memcmp thread 0
Unwinding loop memcmp.0 iteration 2965 file <builtin-library-memcmp> line 25 function memcmp thread 0
Unwinding loop memcmp.0 iteration 2966 file <builtin-library-memcmp> line 25 function memcmp thread 0
Unwinding loop memcmp.0 iteration 2967 file <builtin-library-memcmp> line 25 function memcmp thread 0
Unwinding loop memcmp.0 iteration 2968 file <builtin-library-memcmp> line 25 function memcmp thread 0
Unwinding loop memcmp.0 iteration 2969 file <builtin-library-memcmp> line 25 function memcmp thread 0
Unwinding loop memcmp.0 iteration 2970 file <builtin-library-memcmp> line 25 function memcmp thread 0
Unwinding loop memcmp.0 iteration 2971 file <builtin-library-memcmp> line 25 function memcmp thread 0
Unwinding loop memcmp.0 iteration 2972 file <builtin-library-memcmp> line 25 function memcmp thread 0
Unwinding loop memcmp.0 iteration 2973 file <builtin-library-memcmp> line 25 function memcmp thread 0
Unwinding loop memcmp.0 iteration 2974 file <builtin-library-memcmp> line 25 function memcmp thread 0
Unwinding loop memcmp.0 iteration 2975 file <builtin-library-memcmp> line 25 function memcmp thread 0
Unwinding loop memcmp.0 iteration 2976 file <builtin-library-memcmp> line 25 function memcmp thread 0
Unwinding loop memcmp.0 iteration 2977 file <builtin-library-memcmp> line 25 function memcmp thread 0
Unwinding loop memcmp.0 iteration 2978 file <builtin-library-memcmp> line 25 function memcmp thread 0
Unwinding loop memcmp.0 iteration 2979 file <builtin-library-memcmp> line 25 function memcmp thread 0
Unwinding loop memcmp.0 iteration 2980 file <builtin-library-memcmp> line 25 function memcmp thread 0
Unwinding loop memcmp.0 iteration 2981 file <builtin-library-memcmp> line 25 function memcmp thread 0
Unwinding loop memcmp.0 iteration 2982 file <builtin-library-memcmp> line 25 function memcmp thread 0
Unwinding loop memcmp.0 iteration 2983 file <builtin-library-memcmp> line 25 function memcmp thread 0
Unwinding loop memcmp.0 iteration 2984 file <builtin-library-memcmp> line 25 function memcmp thread 0
Unwinding loop memcmp.0 iteration 2985 file <builtin-library-memcmp> line 25 function memcmp thread 0
Unwinding loop memcmp.0 iteration 2986 file <builtin-library-memcmp> line 25 function memcmp thread 0
Unwinding loop memcmp.0 iteration 2987 file <builtin-library-memcmp> line 25 function memcmp thread 0
Unwinding loop memcmp.0 iteration 2988 file <builtin-library-memcmp> line 25 function memcmp thread 0
Unwinding loop memcmp.0 iteration 2989 file <builtin-library-memcmp> line 25 function memcmp thread 0
Unwinding loop memcmp.0 iteration 2990 file <builtin-library-memcmp> line 25 function memcmp thread 0
Unwinding loop memcmp.0 iteration 2991 file <builtin-library-memcmp> line 25 function memcmp thread 0
Unwinding loop memcmp.0 iteration 2992 file <builtin-library-memcmp> line 25 function memcmp thread 0
Unwinding loop memcmp.0 iteration 2993 file <builtin-library-memcmp> line 25 function memcmp thread 0
Unwinding loop memcmp.0 iteration 2994 file <builtin-library-memcmp> line 25 function memcmp thread 0
Unwinding loop memcmp.0 iteration 2995 file <builtin-library-memcmp> line 25 function memcmp thread 0
Unwinding loop memcmp.0 iteration 2996 file <builtin-library-memcmp> line 25 function memcmp thread 0
Unwinding loop memcmp.0 iteration 2997 file <builtin-library-memcmp> line 25 function memcmp thread 0
Unwinding loop memcmp.0 iteration 2998 file <builtin-library-memcmp> line 25 function memcmp thread 0
Unwinding loop memcmp.0 iteration 2999 file <builtin-library-memcmp> line 25 function memcmp thread 0
Unwinding loop memcmp.0 iteration 3000 file <builtin-library-memcmp> line 25 function memcmp thread 0
Unwinding loop memcmp.0 iteration 3001 file <builtin-library-memcmp> line 25 function memcmp thread 0
Unwinding loop memcmp.0 iteration 3002 file <builtin-library-memcmp> line 25 function memcmp thread 0
Unwinding loop memcmp.0 iteration 3003 file <builtin-library-memcmp> line 25 function memcmp thread 0
Unwinding loop memcmp.0 iteration 3004 file <builtin-library-memcmp> line 25 function memcmp thread 0
Unwinding loop memcmp.0 iteration 3005 file <builtin-library-memcmp> line 25 function memcmp thread 0
Unwinding loop memcmp.0 iteration 3006 file <builtin-library-memcmp> line 25 function memcmp thread 0
Unwinding loop memcmp.0 iteration 3007 file <builtin-library-memcmp> line 25 function memcmp thread 0
Unwinding loop memcmp.0 iteration 3008 file <builtin-library-memcmp> line 25 function memcmp thread 0
Unwinding loop memcmp.0 iteration 3009 file <builtin-library-memcmp> line 25 function memcmp thread 0
Unwinding loop memcmp.0 iteration 3010 file <builtin-library-memcmp> line 25 function memcmp thread 0
Unwinding loop memcmp.0 iteration 3011 file <builtin-library-memcmp> line 25 function memcmp thread 0
Unwinding loop memcmp.0 iteration 3012 file <builtin-library-memcmp> line 25 function memcmp thread 0
Unwinding loop memcmp.0 iteration 3013 file <builtin-library-memcmp> line 25 function memcmp thread 0
Unwinding loop memcmp.0 iteration 3014 file <builtin-library-memcmp> line 25 function memcmp thread 0
Unwinding loop memcmp.0 iteration 3015 file <builtin-library-memcmp> line 25 function memcmp thread 0
Unwinding loop memcmp.0 iteration 3016 file <builtin-library-memcmp> line 25 function memcmp thread 0
Unwinding loop memcmp.0 iteration 3017 file <builtin-library-memcmp> line 25 function memcmp thread 0
Unwinding loop memcmp.0 iteration 3018 file <builtin-library-memcmp> line 25 function memcmp thread 0
Unwinding loop memcmp.0 iteration 3019 file <builtin-library-memcmp> line 25 function memcmp thread 0
Unwinding loop memcmp.0 iteration 3020 file <builtin-library-memcmp> line 25 function memcmp thread 0
Unwinding loop memcmp.0 iteration 3021 file <builtin-library-memcmp> line 25 function memcmp thread 0
Unwinding loop memcmp.0 iteration 3022 file <builtin-library-memcmp> line 25 function memcmp thread 0
Unwinding loop memcmp.0 iteration 3023 file <builtin-library-memcmp> line 25 function memcmp thread 0
Unwinding loop memcmp.0 iteration 3024 file <builtin-library-memcmp> line 25 function memcmp thread 0
Unwinding loop memcmp.0 iteration 3025 file <builtin-library-memcmp> line 25 function memcmp thread 0
Unwinding loop memcmp.0 iteration 3026 file <builtin-library-memcmp> line 25 function memcmp thread 0
Unwinding loop memcmp.0 iteration 3027 file <builtin-library-memcmp> line 25 function memcmp thread 0
Unwinding loop memcmp.0 iteration 3028 file <builtin-library-memcmp> line 25 function memcmp thread 0
Unwinding loop memcmp.0 iteration 3029 file <builtin-library-memcmp> line 25 function memcmp thread 0
Unwinding loop memcmp.0 iteration 3030 file <builtin-library-memcmp> line 25 function memcmp thread 0
Unwinding loop memcmp.0 iteration 3031 file <builtin-library-memcmp> line 25 function memcmp thread 0
Unwinding loop memcmp.0 iteration 3032 file <builtin-library-memcmp> line 25 function memcmp thread 0
Unwinding loop memcmp.0 iteration 3033 file <builtin-library-memcmp> line 25 function memcmp thread 0
Unwinding loop memcmp.0 iteration 3034 file <builtin-library-memcmp> line 25 function memcmp thread 0
Unwinding loop memcmp.0 iteration 3035 file <builtin-library-memcmp> line 25 function memcmp thread 0
Unwinding loop memcmp.0 iteration 3036 file <builtin-library-memcmp> line 25 function memcmp thread 0
Unwinding loop memcmp.0 iteration 3037 file <builtin-library-memcmp> line 25 function memcmp thread 0
Unwinding loop memcmp.0 iteration 3038 file <builtin-library-memcmp> line 25 function memcmp thread 0
Unwinding loop memcmp.0 iteration 3039 file <builtin-library-memcmp> line 25 function memcmp thread 0
Unwinding loop memcmp.0 iteration 3040 file <builtin-library-memcmp> line 25 function memcmp thread 0
Unwinding loop memcmp.0 iteration 3041 file <builtin-library-memcmp> line 25 function memcmp thread 0
Unwinding loop memcmp.0 iteration 3042 file <builtin-library-memcmp> line 25 function memcmp thread 0
Unwinding loop memcmp.0 iteration 3043 file <builtin-library-memcmp> line 25 function memcmp thread 0
Unwinding loop memcmp.0 iteration 3044 file <builtin-library-memcmp> line 25 function memcmp thread 0
Unwinding loop memcmp.0 iteration 3045 file <builtin-library-memcmp> line 25 function memcmp thread 0
Unwinding loop memcmp.0 iteration 3046 file <builtin-library-memcmp> line 25 function memcmp thread 0
Unwinding loop memcmp.0 iteration 3047 file <builtin-library-memcmp> line 25 function memcmp thread 0
Unwinding loop memcmp.0 iteration 3048 file <builtin-library-memcmp> line 25 function memcmp thread 0
Unwinding loop memcmp.0 iteration 3049 file <builtin-library-memcmp> line 25 function memcmp thread 0
Unwinding loop memcmp.0 iteration 3050 file <builtin-library-memcmp> line 25 function memcmp thread 0
Unwinding loop memcmp.0 iteration 3051 file <builtin-library-memcmp> line 25 function memcmp thread 0
Unwinding loop memcmp.0 iteration 3052 file <builtin-library-memcmp> line 25 function memcmp thread 0
Unwinding loop memcmp.0 iteration 3053 file <builtin-library-memcmp> line 25 function memcmp thread 0
Unwinding loop memcmp.0 iteration 3054 file <builtin-library-memcmp> line 25 function memcmp thread 0
Unwinding loop memcmp.0 iteration 3055 file <builtin-library-memcmp> line 25 function memcmp thread 0
Unwinding loop memcmp.0 iteration 3056 file <builtin-library-memcmp> line 25 function memcmp thread 0
Unwinding loop memcmp.0 iteration 3057 file <builtin-library-memcmp> line 25 function memcmp thread 0
Unwinding loop memcmp.0 iteration 3058 file <builtin-library-memcmp> line 25 function memcmp thread 0
Unwinding loop memcmp.0 iteration 3059 file <builtin-library-memcmp> line 25 function memcmp thread 0
Unwinding loop memcmp.0 iteration 3060 file <builtin-library-memcmp> line 25 function memcmp thread 0
Unwinding loop memcmp.0 iteration 3061 file <builtin-library-memcmp> line 25 function memcmp thread 0
Unwinding loop memcmp.0 iteration 3062 file <builtin-library-memcmp> line 25 function memcmp thread 0
Unwinding loop memcmp.0 iteration 3063 file <builtin-library-memcmp> line 25 function memcmp thread 0
Unwinding loop memcmp.0 iteration 3064 file <builtin-library-memcmp> line 25 function memcmp thread 0
Unwinding loop memcmp.0 iteration 3065 file <builtin-library-memcmp> line 25 function memcmp thread 0
Unwinding loop memcmp.0 iteration 3066 file <builtin-library-memcmp> line 25 function memcmp thread 0
Unwinding loop memcmp.0 iteration 3067 file <builtin-library-memcmp> line 25 function memcmp thread 0
Unwinding loop memcmp.0 iteration 3068 file <builtin-library-memcmp> line 25 function memcmp thread 0
Unwinding loop memcmp.0 iteration 3069 file <builtin-library-memcmp> line 25 function memcmp thread 0
Unwinding loop memcmp.0 iteration 3070 file <builtin-library-memcmp> line 25 function memcmp thread 0
Unwinding loop memcmp.0 iteration 3071 file <builtin-library-memcmp> line 25 function memcmp thread 0
Unwinding loop memcmp.0 iteration 3072 file <builtin-library-memcmp> line 25 function memcmp thread 0
Unwinding loop memcmp.0 iteration 3073 file <builtin-library-memcmp> line 25 function memcmp thread 0
Unwinding loop memcmp.0 iteration 3074 file <builtin-library-memcmp> line 25 function memcmp thread 0
Unwinding loop memcmp.0 iteration 3075 file <builtin-library-memcmp> line 25 function memcmp thread 0
Unwinding loop memcmp.0 iteration 3076 file <builtin-library-memcmp> line 25 function memcmp thread 0
Unwinding loop memcmp.0 iteration 3077 file <builtin-library-memcmp> line 25 function memcmp thread 0
Unwinding loop memcmp.0 iteration 3078 file <builtin-library-memcmp> line 25 function memcmp thread 0
Unwinding loop memcmp.0 iteration 3079 file <builtin-library-memcmp> line 25 function memcmp thread 0
Unwinding loop memcmp.0 iteration 3080 file <builtin-library-memcmp> line 25 function memcmp thread 0
Unwinding loop memcmp.0 iteration 3081 file <builtin-library-memcmp> line 25 function memcmp thread 0
Unwinding loop memcmp.0 iteration 3082 file <builtin-library-memcmp> line 25 function memcmp thread 0
Unwinding loop memcmp.0 iteration 3083 file <builtin-library-memcmp> line 25 function memcmp thread 0
Unwinding loop memcmp.0 iteration 3084 file <builtin-library-memcmp> line 25 function memcmp thread 0
Unwinding loop memcmp.0 iteration 3085 file <builtin-library-memcmp> line 25 function memcmp thread 0
Unwinding loop memcmp.0 iteration 3086 file <builtin-library-memcmp> line 25 function memcmp thread 0
Unwinding loop memcmp.0 iteration 3087 file <builtin-library-memcmp> line 25 function memcmp thread 0
Unwinding loop memcmp.0 iteration 3088 file <builtin-library-memcmp> line 25 function memcmp thread 0
Unwinding loop memcmp.0 iteration 3089 file <builtin-library-memcmp> line 25 function memcmp thread 0
Unwinding loop memcmp.0 iteration 3090 file <builtin-library-memcmp> line 25 function memcmp thread 0
Unwinding loop memcmp.0 iteration 3091 file <builtin-library-memcmp> line 25 function memcmp thread 0
Unwinding loop memcmp.0 iteration 3092 file <builtin-library-memcmp> line 25 function memcmp thread 0
Unwinding loop memcmp.0 iteration 3093 file <builtin-library-memcmp> line 25 function memcmp thread 0
Unwinding loop memcmp.0 iteration 3094 file <builtin-library-memcmp> line 25 function memcmp thread 0
Unwinding loop memcmp.0 iteration 3095 file <builtin-library-memcmp> line 25 function memcmp thread 0
Unwinding loop memcmp.0 iteration 3096 file <builtin-library-memcmp> line 25 function memcmp thread 0
Unwinding loop memcmp.0 iteration 3097 file <builtin-library-memcmp> line 25 function memcmp thread 0
Unwinding loop memcmp.0 iteration 3098 file <builtin-library-memcmp> line 25 function memcmp thread 0
Unwinding loop memcmp.0 iteration 3099 file <builtin-library-memcmp> line 25 function memcmp thread 0
Unwinding loop memcmp.0 iteration 3100 file <builtin-library-memcmp> line 25 function memcmp thread 0
Unwinding loop memcmp.0 iteration 3101 file <builtin-library-memcmp> line 25 function memcmp thread 0
Unwinding loop memcmp.0 iteration 3102 file <builtin-library-memcmp> line 25 function memcmp thread 0
Unwinding loop memcmp.0 iteration 3103 file <builtin-library-memcmp> line 25 function memcmp thread 0
Unwinding loop memcmp.0 iteration 3104 file <builtin-library-memcmp> line 25 function memcmp thread 0
Unwinding loop memcmp.0 iteration 3105 file <builtin-library-memcmp> line 25 function memcmp thread 0
Unwinding loop memcmp.0 iteration 3106 file <builtin-library-memcmp> line 25 function memcmp thread 0
Unwinding loop memcmp.0 iteration 3107 file <builtin-library-memcmp> line 25 function memcmp thread 0
Unwinding loop memcmp.0 iteration 3108 file <builtin-library-memcmp> line 25 function memcmp thread 0
Unwinding loop memcmp.0 iteration 3109 file <builtin-library-memcmp> line 25 function memcmp thread 0
Unwinding loop memcmp.0 iteration 3110 file <builtin-library-memcmp> line 25 function memcmp thread 0
Unwinding loop memcmp.0 iteration 3111 file <builtin-library-memcmp> line 25 function memcmp thread 0
Unwinding loop memcmp.0 iteration 3112 file <builtin-library-memcmp> line 25 function memcmp thread 0
Unwinding loop memcmp.0 iteration 3113 file <builtin-library-memcmp> line 25 function memcmp thread 0
Unwinding loop memcmp.0 iteration 3114 file <builtin-library-memcmp> line 25 function memcmp thread 0
Unwinding loop memcmp.0 iteration 3115 file <builtin-library-memcmp> line 25 function memcmp thread 0
Unwinding loop memcmp.0 iteration 3116 file <builtin-library-memcmp> line 25 function memcmp thread 0
Unwinding loop memcmp.0 iteration 3117 file <builtin-library-memcmp> line 25 function memcmp thread 0
Unwinding loop memcmp.0 iteration 3118 file <builtin-library-memcmp> line 25 function memcmp thread 0
Unwinding loop memcmp.0 iteration 3119 file <builtin-library-memcmp> line 25 function memcmp thread 0
Unwinding loop memcmp.0 iteration 3120 file <builtin-library-memcmp> line 25 function memcmp thread 0
Unwinding loop memcmp.0 iteration 3121 file <builtin-library-memcmp> line 25 function memcmp thread 0
Unwinding loop memcmp.0 iteration 3122 file <builtin-library-memcmp> line 25 function memcmp thread 0
Unwinding loop memcmp.0 iteration 3123 file <builtin-library-memcmp> line 25 function memcmp thread 0
Unwinding loop memcmp.0 iteration 3124 file <builtin-library-memcmp> line 25 function memcmp thread 0
Unwinding loop memcmp.0 iteration 3125 file <builtin-library-memcmp> line 25 function memcmp thread 0
Unwinding loop memcmp.0 iteration 3126 file <builtin-library-memcmp> line 25 function memcmp thread 0
Unwinding loop memcmp.0 iteration 3127 file <builtin-library-memcmp> line 25 function memcmp thread 0
Unwinding loop memcmp.0 iteration 3128 file <builtin-library-memcmp> line 25 function memcmp thread 0
Unwinding loop memcmp.0 iteration 3129 file <builtin-library-memcmp> line 25 function memcmp thread 0
Unwinding loop memcmp.0 iteration 3130 file <builtin-library-memcmp> line 25 function memcmp thread 0
Unwinding loop memcmp.0 iteration 3131 file <builtin-library-memcmp> line 25 function memcmp thread 0
Unwinding loop memcmp.0 iteration 3132 file <builtin-library-memcmp> line 25 function memcmp thread 0
Unwinding loop memcmp.0 iteration 3133 file <builtin-library-memcmp> line 25 function memcmp thread 0
Unwinding loop memcmp.0 iteration 3134 file <builtin-library-memcmp> line 25 function memcmp thread 0
Unwinding loop memcmp.0 iteration 3135 file <builtin-library-memcmp> line 25 function memcmp thread 0
Unwinding loop memcmp.0 iteration 3136 file <builtin-library-memcmp> line 25 function memcmp thread 0
Unwinding loop memcmp.0 iteration 3137 file <builtin-library-memcmp> line 25 function memcmp thread 0
Unwinding loop memcmp.0 iteration 3138 file <builtin-library-memcmp> line 25 function memcmp thread 0
Unwinding loop memcmp.0 iteration 3139 file <builtin-library-memcmp> line 25 function memcmp thread 0
Unwinding loop memcmp.0 iteration 3140 file <builtin-library-memcmp> line 25 function memcmp thread 0
Unwinding loop memcmp.0 iteration 3141 file <builtin-library-memcmp> line 25 function memcmp thread 0
Unwinding loop memcmp.0 iteration 3142 file <builtin-library-memcmp> line 25 function memcmp thread 0
Unwinding loop memcmp.0 iteration 3143 file <builtin-library-memcmp> line 25 function memcmp thread 0
Unwinding loop memcmp.0 iteration 3144 file <builtin-library-memcmp> line 25 function memcmp thread 0
Unwinding loop memcmp.0 iteration 3145 file <builtin-library-memcmp> line 25 function memcmp thread 0
Unwinding loop memcmp.0 iteration 3146 file <builtin-library-memcmp> line 25 function memcmp thread 0
Unwinding loop memcmp.0 iteration 3147 file <builtin-library-memcmp> line 25 function memcmp thread 0
Unwinding loop memcmp.0 iteration 3148 file <builtin-library-memcmp> line 25 function memcmp thread 0
Unwinding loop memcmp.0 iteration 3149 file <builtin-library-memcmp> line 25 function memcmp thread 0
Unwinding loop memcmp.0 iteration 3150 file <builtin-library-memcmp> line 25 function memcmp thread 0
Unwinding loop memcmp.0 iteration 3151 file <builtin-library-memcmp> line 25 function memcmp thread 0
Unwinding loop memcmp.0 iteration 3152 file <builtin-library-memcmp> line 25 function memcmp thread 0
Unwinding loop memcmp.0 iteration 3153 file <builtin-library-memcmp> line 25 function memcmp thread 0
Unwinding loop memcmp.0 iteration 3154 file <builtin-library-memcmp> line 25 function memcmp thread 0
Unwinding loop memcmp.0 iteration 3155 file <builtin-library-memcmp> line 25 function memcmp thread 0
Unwinding loop memcmp.0 iteration 3156 file <builtin-library-memcmp> line 25 function memcmp thread 0
Unwinding loop memcmp.0 iteration 3157 file <builtin-library-memcmp> line 25 function memcmp thread 0
Unwinding loop memcmp.0 iteration 3158 file <builtin-library-memcmp> line 25 function memcmp thread 0
Unwinding loop memcmp.0 iteration 3159 file <builtin-library-memcmp> line 25 function memcmp thread 0
Unwinding loop memcmp.0 iteration 3160 file <builtin-library-memcmp> line 25 function memcmp thread 0
Unwinding loop memcmp.0 iteration 3161 file <builtin-library-memcmp> line 25 function memcmp thread 0
Unwinding loop memcmp.0 iteration 3162 file <builtin-library-memcmp> line 25 function memcmp thread 0
Unwinding loop memcmp.0 iteration 3163 file <builtin-library-memcmp> line 25 function memcmp thread 0
Unwinding loop memcmp.0 iteration 3164 file <builtin-library-memcmp> line 25 function memcmp thread 0
Unwinding loop memcmp.0 iteration 3165 file <builtin-library-memcmp> line 25 function memcmp thread 0
Unwinding loop memcmp.0 iteration 3166 file <builtin-library-memcmp> line 25 function memcmp thread 0
Unwinding loop memcmp.0 iteration 3167 file <builtin-library-memcmp> line 25 function memcmp thread 0
Unwinding loop memcmp.0 iteration 3168 file <builtin-library-memcmp> line 25 function memcmp thread 0
Unwinding loop memcmp.0 iteration 3169 file <builtin-library-memcmp> line 25 function memcmp thread 0
Unwinding loop memcmp.0 iteration 3170 file <builtin-library-memcmp> line 25 function memcmp thread 0
Unwinding loop memcmp.0 iteration 3171 file <builtin-library-memcmp> line 25 function memcmp thread 0
Unwinding loop memcmp.0 iteration 3172 file <builtin-library-memcmp> line 25 function memcmp thread 0
Unwinding loop memcmp.0 iteration 3173 file <builtin-library-memcmp> line 25 function memcmp thread 0
Unwinding loop memcmp.0 iteration 3174 file <builtin-library-memcmp> line 25 function memcmp thread 0
Unwinding loop memcmp.0 iteration 3175 file <builtin-library-memcmp> line 25 function memcmp thread 0
Unwinding loop memcmp.0 iteration 3176 file <builtin-library-memcmp> line 25 function memcmp thread 0
Unwinding loop memcmp.0 iteration 3177 file <builtin-library-memcmp> line 25 function memcmp thread 0
Unwinding loop memcmp.0 iteration 3178 file <builtin-library-memcmp> line 25 function memcmp thread 0
Unwinding loop memcmp.0 iteration 3179 file <builtin-library-memcmp> line 25 function memcmp thread 0
Unwinding loop memcmp.0 iteration 3180 file <builtin-library-memcmp> line 25 function memcmp thread 0
Unwinding loop memcmp.0 iteration 3181 file <builtin-library-memcmp> line 25 function memcmp thread 0
Unwinding loop memcmp.0 iteration 3182 file <builtin-library-memcmp> line 25 function memcmp thread 0
Unwinding loop memcmp.0 iteration 3183 file <builtin-library-memcmp> line 25 function memcmp thread 0
Unwinding loop memcmp.0 iteration 3184 file <builtin-library-memcmp> line 25 function memcmp thread 0
Unwinding loop memcmp.0 iteration 3185 file <builtin-library-memcmp> line 25 function memcmp thread 0
Unwinding loop memcmp.0 iteration 3186 file <builtin-library-memcmp> line 25 function memcmp thread 0
Unwinding loop memcmp.0 iteration 3187 file <builtin-library-memcmp> line 25 function memcmp thread 0
Unwinding loop memcmp.0 iteration 3188 file <builtin-library-memcmp> line 25 function memcmp thread 0
Unwinding loop memcmp.0 iteration 3189 file <builtin-library-memcmp> line 25 function memcmp thread 0
Unwinding loop memcmp.0 iteration 3190 file <builtin-library-memcmp> line 25 function memcmp thread 0
Unwinding loop memcmp.0 iteration 3191 file <builtin-library-memcmp> line 25 function memcmp thread 0
Unwinding loop memcmp.0 iteration 3192 file <builtin-library-memcmp> line 25 function memcmp thread 0
Unwinding loop memcmp.0 iteration 3193 file <builtin-library-memcmp> line 25 function memcmp thread 0
Unwinding loop memcmp.0 iteration 3194 file <builtin-library-memcmp> line 25 function memcmp thread 0
Unwinding loop memcmp.0 iteration 3195 file <builtin-library-memcmp> line 25 function memcmp thread 0
Unwinding loop memcmp.0 iteration 3196 file <builtin-library-memcmp> line 25 function memcmp thread 0
Unwinding loop memcmp.0 iteration 3197 file <builtin-library-memcmp> line 25 function memcmp thread 0
Unwinding loop memcmp.0 iteration 3198 file <builtin-library-memcmp> line 25 function memcmp thread 0
Unwinding loop memcmp.0 iteration 3199 file <builtin-library-memcmp> line 25 function memcmp thread 0
Unwinding loop memcmp.0 iteration 3200 file <builtin-library-memcmp> line 25 function memcmp thread 0
Unwinding loop memcmp.0 iteration 3201 file <builtin-library-memcmp> line 25 function memcmp thread 0
Unwinding loop memcmp.0 iteration 3202 file <builtin-library-memcmp> line 25 function memcmp thread 0
Unwinding loop memcmp.0 iteration 3203 file <builtin-library-memcmp> line 25 function memcmp thread 0
Unwinding loop memcmp.0 iteration 3204 file <builtin-library-memcmp> line 25 function memcmp thread 0
Unwinding loop memcmp.0 iteration 3205 file <builtin-library-memcmp> line 25 function memcmp thread 0
Unwinding loop memcmp.0 iteration 3206 file <builtin-library-memcmp> line 25 function memcmp thread 0
Unwinding loop memcmp.0 iteration 3207 file <builtin-library-memcmp> line 25 function memcmp thread 0
Unwinding loop memcmp.0 iteration 3208 file <builtin-library-memcmp> line 25 function memcmp thread 0
Unwinding loop memcmp.0 iteration 3209 file <builtin-library-memcmp> line 25 function memcmp thread 0
Unwinding loop memcmp.0 iteration 3210 file <builtin-library-memcmp> line 25 function memcmp thread 0
Unwinding loop memcmp.0 iteration 3211 file <builtin-library-memcmp> line 25 function memcmp thread 0
Unwinding loop memcmp.0 iteration 3212 file <builtin-library-memcmp> line 25 function memcmp thread 0
Unwinding loop memcmp.0 iteration 3213 file <builtin-library-memcmp> line 25 function memcmp thread 0
Unwinding loop memcmp.0 iteration 3214 file <builtin-library-memcmp> line 25 function memcmp thread 0
Unwinding loop memcmp.0 iteration 3215 file <builtin-library-memcmp> line 25 function memcmp thread 0
Unwinding loop memcmp.0 iteration 3216 file <builtin-library-memcmp> line 25 function memcmp thread 0
Unwinding loop memcmp.0 iteration 3217 file <builtin-library-memcmp> line 25 function memcmp thread 0
Unwinding loop memcmp.0 iteration 3218 file <builtin-library-memcmp> line 25 function memcmp thread 0
Unwinding loop memcmp.0 iteration 3219 file <builtin-library-memcmp> line 25 function memcmp thread 0
Unwinding loop memcmp.0 iteration 3220 file <builtin-library-memcmp> line 25 function memcmp thread 0
Unwinding loop memcmp.0 iteration 3221 file <builtin-library-memcmp> line 25 function memcmp thread 0
Unwinding loop memcmp.0 iteration 3222 file <builtin-library-memcmp> line 25 function memcmp thread 0
Unwinding loop memcmp.0 iteration 3223 file <builtin-library-memcmp> line 25 function memcmp thread 0
Unwinding loop memcmp.0 iteration 3224 file <builtin-library-memcmp> line 25 function memcmp thread 0
Unwinding loop memcmp.0 iteration 3225 file <builtin-library-memcmp> line 25 function memcmp thread 0
Unwinding loop memcmp.0 iteration 3226 file <builtin-library-memcmp> line 25 function memcmp thread 0
Unwinding loop memcmp.0 iteration 3227 file <builtin-library-memcmp> line 25 function memcmp thread 0
Unwinding loop memcmp.0 iteration 3228 file <builtin-library-memcmp> line 25 function memcmp thread 0
Unwinding loop memcmp.0 iteration 3229 file <builtin-library-memcmp> line 25 function memcmp thread 0
Unwinding loop memcmp.0 iteration 3230 file <builtin-library-memcmp> line 25 function memcmp thread 0
Unwinding loop memcmp.0 iteration 3231 file <builtin-library-memcmp> line 25 function memcmp thread 0
Unwinding loop memcmp.0 iteration 3232 file <builtin-library-memcmp> line 25 function memcmp thread 0
Unwinding loop memcmp.0 iteration 3233 file <builtin-library-memcmp> line 25 function memcmp thread 0
Unwinding loop memcmp.0 iteration 3234 file <builtin-library-memcmp> line 25 function memcmp thread 0
Unwinding loop memcmp.0 iteration 3235 file <builtin-library-memcmp> line 25 function memcmp thread 0
Unwinding loop memcmp.0 iteration 3236 file <builtin-library-memcmp> line 25 function memcmp thread 0
Unwinding loop memcmp.0 iteration 3237 file <builtin-library-memcmp> line 25 function memcmp thread 0
Unwinding loop memcmp.0 iteration 3238 file <builtin-library-memcmp> line 25 function memcmp thread 0
Unwinding loop memcmp.0 iteration 3239 file <builtin-library-memcmp> line 25 function memcmp thread 0
Unwinding loop memcmp.0 iteration 3240 file <builtin-library-memcmp> line 25 function memcmp thread 0
Unwinding loop memcmp.0 iteration 3241 file <builtin-library-memcmp> line 25 function memcmp thread 0
Unwinding loop memcmp.0 iteration 3242 file <builtin-library-memcmp> line 25 function memcmp thread 0
Unwinding loop memcmp.0 iteration 3243 file <builtin-library-memcmp> line 25 function memcmp thread 0
Unwinding loop memcmp.0 iteration 3244 file <builtin-library-memcmp> line 25 function memcmp thread 0
Unwinding loop memcmp.0 iteration 3245 file <builtin-library-memcmp> line 25 function memcmp thread 0
Unwinding loop memcmp.0 iteration 3246 file <builtin-library-memcmp> line 25 function memcmp thread 0
Unwinding loop memcmp.0 iteration 3247 file <builtin-library-memcmp> line 25 function memcmp thread 0
Unwinding loop memcmp.0 iteration 3248 file <builtin-library-memcmp> line 25 function memcmp thread 0
Unwinding loop memcmp.0 iteration 3249 file <builtin-library-memcmp> line 25 function memcmp thread 0
Unwinding loop memcmp.0 iteration 3250 file <builtin-library-memcmp> line 25 function memcmp thread 0
Unwinding loop memcmp.0 iteration 3251 file <builtin-library-memcmp> line 25 function memcmp thread 0
Unwinding loop memcmp.0 iteration 3252 file <builtin-library-memcmp> line 25 function memcmp thread 0
Unwinding loop memcmp.0 iteration 3253 file <builtin-library-memcmp> line 25 function memcmp thread 0
Unwinding loop memcmp.0 iteration 3254 file <builtin-library-memcmp> line 25 function memcmp thread 0
Unwinding loop memcmp.0 iteration 3255 file <builtin-library-memcmp> line 25 function memcmp thread 0
Unwinding loop memcmp.0 iteration 3256 file <builtin-library-memcmp> line 25 function memcmp thread 0
Unwinding loop memcmp.0 iteration 3257 file <builtin-library-memcmp> line 25 function memcmp thread 0
Unwinding loop memcmp.0 iteration 3258 file <builtin-library-memcmp> line 25 function memcmp thread 0
Unwinding loop memcmp.0 iteration 3259 file <builtin-library-memcmp> line 25 function memcmp thread 0
Unwinding loop memcmp.0 iteration 3260 file <builtin-library-memcmp> line 25 function memcmp thread 0
Unwinding loop memcmp.0 iteration 3261 file <builtin-library-memcmp> line 25 function memcmp thread 0
Unwinding loop memcmp.0 iteration 3262 file <builtin-library-memcmp> line 25 function memcmp thread 0
Unwinding loop memcmp.0 iteration 3263 file <builtin-library-memcmp> line 25 function memcmp thread 0
Unwinding loop memcmp.0 iteration 3264 file <builtin-library-memcmp> line 25 function memcmp thread 0
Unwinding loop memcmp.0 iteration 3265 file <builtin-library-memcmp> line 25 function memcmp thread 0
Unwinding loop memcmp.0 iteration 3266 file <builtin-library-memcmp> line 25 function memcmp thread 0
Unwinding loop memcmp.0 iteration 3267 file <builtin-library-memcmp> line 25 function memcmp thread 0
Unwinding loop memcmp.0 iteration 3268 file <builtin-library-memcmp> line 25 function memcmp thread 0
Unwinding loop memcmp.0 iteration 3269 file <builtin-library-memcmp> line 25 function memcmp thread 0
Unwinding loop memcmp.0 iteration 3270 file <builtin-library-memcmp> line 25 function memcmp thread 0
Unwinding loop memcmp.0 iteration 3271 file <builtin-library-memcmp> line 25 function memcmp thread 0
Unwinding loop memcmp.0 iteration 3272 file <builtin-library-memcmp> line 25 function memcmp thread 0
Unwinding loop memcmp.0 iteration 3273 file <builtin-library-memcmp> line 25 function memcmp thread 0
Unwinding loop memcmp.0 iteration 3274 file <builtin-library-memcmp> line 25 function memcmp thread 0
Unwinding loop memcmp.0 iteration 3275 file <builtin-library-memcmp> line 25 function memcmp thread 0
Unwinding loop memcmp.0 iteration 3276 file <builtin-library-memcmp> line 25 function memcmp thread 0
Unwinding loop memcmp.0 iteration 3277 file <builtin-library-memcmp> line 25 function memcmp thread 0
Unwinding loop memcmp.0 iteration 3278 file <builtin-library-memcmp> line 25 function memcmp thread 0
Unwinding loop memcmp.0 iteration 3279 file <builtin-library-memcmp> line 25 function memcmp thread 0
Unwinding loop memcmp.0 iteration 3280 file <builtin-library-memcmp> line 25 function memcmp thread 0
Unwinding loop memcmp.0 iteration 3281 file <builtin-library-memcmp> line 25 function memcmp thread 0
Unwinding loop memcmp.0 iteration 3282 file <builtin-library-memcmp> line 25 function memcmp thread 0
Unwinding loop memcmp.0 iteration 3283 file <builtin-library-memcmp> line 25 function memcmp thread 0
Unwinding loop memcmp.0 iteration 3284 file <builtin-library-memcmp> line 25 function memcmp thread 0
Unwinding loop memcmp.0 iteration 3285 file <builtin-library-memcmp> line 25 function memcmp thread 0
Unwinding loop memcmp.0 iteration 3286 file <builtin-library-memcmp> line 25 function memcmp thread 0
Unwinding loop memcmp.0 iteration 3287 file <builtin-library-memcmp> line 25 function memcmp thread 0
Unwinding loop memcmp.0 iteration 3288 file <builtin-library-memcmp> line 25 function memcmp thread 0
Unwinding loop memcmp.0 iteration 3289 file <builtin-library-memcmp> line 25 function memcmp thread 0
Unwinding loop memcmp.0 iteration 3290 file <builtin-library-memcmp> line 25 function memcmp thread 0
Unwinding loop memcmp.0 iteration 3291 file <builtin-library-memcmp> line 25 function memcmp thread 0
Unwinding loop memcmp.0 iteration 3292 file <builtin-library-memcmp> line 25 function memcmp thread 0
Unwinding loop memcmp.0 iteration 3293 file <builtin-library-memcmp> line 25 function memcmp thread 0
Unwinding loop memcmp.0 iteration 3294 file <builtin-library-memcmp> line 25 function memcmp thread 0
Unwinding loop memcmp.0 iteration 3295 file <builtin-library-memcmp> line 25 function memcmp thread 0
Unwinding loop memcmp.0 iteration 3296 file <builtin-library-memcmp> line 25 function memcmp thread 0
Unwinding loop memcmp.0 iteration 3297 file <builtin-library-memcmp> line 25 function memcmp thread 0
Unwinding loop memcmp.0 iteration 3298 file <builtin-library-memcmp> line 25 function memcmp thread 0
Unwinding loop memcmp.0 iteration 3299 file <builtin-library-memcmp> line 25 function memcmp thread 0
Unwinding loop memcmp.0 iteration 3300 file <builtin-library-memcmp> line 25 function memcmp thread 0
Unwinding loop memcmp.0 iteration 3301 file <builtin-library-memcmp> line 25 function memcmp thread 0
Unwinding loop memcmp.0 iteration 3302 file <builtin-library-memcmp> line 25 function memcmp thread 0
Unwinding loop memcmp.0 iteration 3303 file <builtin-library-memcmp> line 25 function memcmp thread 0
Unwinding loop memcmp.0 iteration 3304 file <builtin-library-memcmp> line 25 function memcmp thread 0
Unwinding loop memcmp.0 iteration 3305 file <builtin-library-memcmp> line 25 function memcmp thread 0
Unwinding loop memcmp.0 iteration 3306 file <builtin-library-memcmp> line 25 function memcmp thread 0
Unwinding loop memcmp.0 iteration 3307 file <builtin-library-memcmp> line 25 function memcmp thread 0
Unwinding loop memcmp.0 iteration 3308 file <builtin-library-memcmp> line 25 function memcmp thread 0
Unwinding loop memcmp.0 iteration 3309 file <builtin-library-memcmp> line 25 function memcmp thread 0
Unwinding loop memcmp.0 iteration 3310 file <builtin-library-memcmp> line 25 function memcmp thread 0
Unwinding loop memcmp.0 iteration 3311 file <builtin-library-memcmp> line 25 function memcmp thread 0
Unwinding loop memcmp.0 iteration 3312 file <builtin-library-memcmp> line 25 function memcmp thread 0
Unwinding loop memcmp.0 iteration 3313 file <builtin-library-memcmp> line 25 function memcmp thread 0

[runner] timeout after 600s; process killed
